observation_date,ANFCI
2002-01-04,-0.382
2002-01-11,-0.437
2002-01-18,-0.483
2002-01-25,-0.510
2002-02-01,-0.515
2002-02-08,-0.507
2002-02-15,-0.495
2002-02-22,-0.484
2002-03-01,-0.477
2002-03-08,-0.469
2002-03-15,-0.458
2002-03-22,-0.444
2002-03-29,-0.433
2002-04-05,-0.433
2002-04-12,-0.451
2002-04-19,-0.483
2002-04-26,-0.524
2002-05-03,-0.564
2002-05-10,-0.592
2002-05-17,-0.606
2002-05-24,-0.606
2002-05-31,-0.599
2002-06-07,-0.590
2002-06-14,-0.581
2002-06-21,-0.569
2002-06-28,-0.552
2002-07-05,-0.528
2002-07-12,-0.497
2002-07-19,-0.467
2002-07-26,-0.442
2002-08-02,-0.428
2002-08-09,-0.420
2002-08-16,-0.415
2002-08-23,-0.404
2002-08-30,-0.383
2002-09-06,-0.353
2002-09-13,-0.320
2002-09-20,-0.294
2002-09-27,-0.279
2002-10-04,-0.278
2002-10-11,-0.288
2002-10-18,-0.308
2002-10-25,-0.331
2002-11-01,-0.357
2002-11-08,-0.381
2002-11-15,-0.400
2002-11-22,-0.411
2002-11-29,-0.411
2002-12-06,-0.402
2002-12-13,-0.392
2002-12-20,-0.384
2002-12-27,-0.385
2003-01-03,-0.396
2003-01-10,-0.415
2003-01-17,-0.432
2003-01-24,-0.445
2003-01-31,-0.452
2003-02-07,-0.454
2003-02-14,-0.457
2003-02-21,-0.464
2003-02-28,-0.477
2003-03-07,-0.495
2003-03-14,-0.517
2003-03-21,-0.544
2003-03-28,-0.578
2003-04-04,-0.619
2003-04-11,-0.662
2003-04-18,-0.702
2003-04-25,-0.733
2003-05-02,-0.751
2003-05-09,-0.753
2003-05-16,-0.745
2003-05-23,-0.730
2003-05-30,-0.714
2003-06-06,-0.699
2003-06-13,-0.688
2003-06-20,-0.681
2003-06-27,-0.678
2003-07-04,-0.677
2003-07-11,-0.677
2003-07-18,-0.677
2003-07-25,-0.673
2003-08-01,-0.663
2003-08-08,-0.651
2003-08-15,-0.638
2003-08-22,-0.627
2003-08-29,-0.622
2003-09-05,-0.624
2003-09-12,-0.631
2003-09-19,-0.639
2003-09-26,-0.647
2003-10-03,-0.653
2003-10-10,-0.658
2003-10-17,-0.666
2003-10-24,-0.674
2003-10-31,-0.685
2003-11-07,-0.692
2003-11-14,-0.693
2003-11-21,-0.687
2003-11-28,-0.675
2003-12-05,-0.660
2003-12-12,-0.649
2003-12-19,-0.643
2003-12-26,-0.645
2004-01-02,-0.652
2004-01-09,-0.662
2004-01-16,-0.673
2004-01-23,-0.685
2004-01-30,-0.699
2004-02-06,-0.716
2004-02-13,-0.733
2004-02-20,-0.748
2004-02-27,-0.756
2004-03-05,-0.757
2004-03-12,-0.755
2004-03-19,-0.750
2004-03-26,-0.747
2004-04-02,-0.745
2004-04-09,-0.740
2004-04-16,-0.728
2004-04-23,-0.707
2004-04-30,-0.680
2004-05-07,-0.653
2004-05-14,-0.633
2004-05-21,-0.624
2004-05-28,-0.624
2004-06-04,-0.629
2004-06-11,-0.630
2004-06-18,-0.626
2004-06-25,-0.617
2004-07-02,-0.610
2004-07-09,-0.607
2004-07-16,-0.612
2004-07-23,-0.623
2004-07-30,-0.636
2004-08-06,-0.646
2004-08-13,-0.651
2004-08-20,-0.652
2004-08-27,-0.652
2004-09-03,-0.648
2004-09-10,-0.643
2004-09-17,-0.634
2004-09-24,-0.618
2004-10-01,-0.598
2004-10-08,-0.578
2004-10-15,-0.565
2004-10-22,-0.565
2004-10-29,-0.576
2004-11-05,-0.595
2004-11-12,-0.616
2004-11-19,-0.632
2004-11-26,-0.639
2004-12-03,-0.639
2004-12-10,-0.635
2004-12-17,-0.629
2004-12-24,-0.625
2004-12-31,-0.622
2005-01-07,-0.623
2005-01-14,-0.624
2005-01-21,-0.627
2005-01-28,-0.632
2005-02-04,-0.638
2005-02-11,-0.643
2005-02-18,-0.641
2005-02-25,-0.631
2005-03-04,-0.611
2005-03-11,-0.585
2005-03-18,-0.558
2005-03-25,-0.536
2005-04-01,-0.522
2005-04-08,-0.516
2005-04-15,-0.514
2005-04-22,-0.515
2005-04-29,-0.515
2005-05-06,-0.514
2005-05-13,-0.513
2005-05-20,-0.511
2005-05-27,-0.509
2005-06-03,-0.504
2005-06-10,-0.497
2005-06-17,-0.487
2005-06-24,-0.479
2005-07-01,-0.475
2005-07-08,-0.474
2005-07-15,-0.478
2005-07-22,-0.481
2005-07-29,-0.480
2005-08-05,-0.473
2005-08-12,-0.462
2005-08-19,-0.446
2005-08-26,-0.425
2005-09-02,-0.403
2005-09-09,-0.380
2005-09-16,-0.360
2005-09-23,-0.348
2005-09-30,-0.348
2005-10-07,-0.364
2005-10-14,-0.393
2005-10-21,-0.429
2005-10-28,-0.464
2005-11-04,-0.489
2005-11-11,-0.501
2005-11-18,-0.497
2005-11-25,-0.481
2005-12-02,-0.457
2005-12-09,-0.431
2005-12-16,-0.407
2005-12-23,-0.393
2005-12-30,-0.388
2006-01-06,-0.397
2006-01-13,-0.414
2006-01-20,-0.435
2006-01-27,-0.456
2006-02-03,-0.472
2006-02-10,-0.484
2006-02-17,-0.491
2006-02-24,-0.497
2006-03-03,-0.500
2006-03-10,-0.500
2006-03-17,-0.497
2006-03-24,-0.490
2006-03-31,-0.479
2006-04-07,-0.469
2006-04-14,-0.460
2006-04-21,-0.454
2006-04-28,-0.449
2006-05-05,-0.441
2006-05-12,-0.431
2006-05-19,-0.416
2006-05-26,-0.398
2006-06-02,-0.381
2006-06-09,-0.366
2006-06-16,-0.355
2006-06-23,-0.349
2006-06-30,-0.349
2006-07-07,-0.355
2006-07-14,-0.368
2006-07-21,-0.387
2006-07-28,-0.410
2006-08-04,-0.432
2006-08-11,-0.451
2006-08-18,-0.464
2006-08-25,-0.469
2006-09-01,-0.470
2006-09-08,-0.469
2006-09-15,-0.470
2006-09-22,-0.477
2006-09-29,-0.489
2006-10-06,-0.507
2006-10-13,-0.528
2006-10-20,-0.547
2006-10-27,-0.562
2006-11-03,-0.566
2006-11-10,-0.558
2006-11-17,-0.535
2006-11-24,-0.502
2006-12-01,-0.464
2006-12-08,-0.431
2006-12-15,-0.411
2006-12-22,-0.409
2006-12-29,-0.422
2007-01-05,-0.445
2007-01-12,-0.471
2007-01-19,-0.496
2007-01-26,-0.518
2007-02-02,-0.534
2007-02-09,-0.545
2007-02-16,-0.546
2007-02-23,-0.534
2007-03-02,-0.509
2007-03-09,-0.481
2007-03-16,-0.455
2007-03-23,-0.442
2007-03-30,-0.442
2007-04-06,-0.450
2007-04-13,-0.453
2007-04-20,-0.443
2007-04-27,-0.418
2007-05-04,-0.384
2007-05-11,-0.355
2007-05-18,-0.337
2007-05-25,-0.327
2007-06-01,-0.319
2007-06-08,-0.308
2007-06-15,-0.287
2007-06-22,-0.269
2007-06-29,-0.264
2007-07-06,-0.273
2007-07-13,-0.277
2007-07-20,-0.247
2007-07-27,-0.148
2007-08-03,0.028
2007-08-10,0.262
2007-08-17,0.512
2007-08-24,0.712
2007-08-31,0.801
2007-09-07,0.796
2007-09-14,0.708
2007-09-21,0.574
2007-09-28,0.453
2007-10-05,0.361
2007-10-12,0.305
2007-10-19,0.290
2007-10-26,0.315
2007-11-02,0.396
2007-11-09,0.545
2007-11-16,0.743
2007-11-23,0.963
2007-11-30,1.149
2007-12-07,1.250
2007-12-14,1.250
2007-12-21,1.168
2007-12-28,1.048
2008-01-04,0.951
2008-01-11,0.897
2008-01-18,0.892
2008-01-25,0.923
2008-02-01,0.950
2008-02-08,0.994
2008-02-15,1.071
2008-02-22,1.201
2008-02-29,1.375
2008-03-07,1.562
2008-03-14,1.698
2008-03-21,1.744
2008-03-28,1.678
2008-04-04,1.544
2008-04-11,1.392
2008-04-18,1.266
2008-04-25,1.171
2008-05-02,1.098
2008-05-09,1.028
2008-05-16,0.949
2008-05-23,0.884
2008-05-30,0.869
2008-06-06,0.932
2008-06-13,1.050
2008-06-20,1.192
2008-06-27,1.310
2008-07-04,1.353
2008-07-11,1.324
2008-07-18,1.267
2008-07-25,1.207
2008-08-01,1.180
2008-08-08,1.183
2008-08-15,1.189
2008-08-22,1.211
2008-08-29,1.267
2008-09-05,1.410
2008-09-12,1.689
2008-09-19,2.140
2008-09-26,2.629
2008-10-03,3.093
2008-10-10,3.424
2008-10-17,3.559
2008-10-24,3.545
2008-10-31,3.522
2008-11-07,3.555
2008-11-14,3.699
2008-11-21,3.927
2008-11-28,4.086
2008-12-05,4.132
2008-12-12,4.012
2008-12-19,3.758
2008-12-26,3.472
2009-01-02,3.253
2009-01-09,3.101
2009-01-16,3.012
2009-01-23,2.946
2009-01-30,2.871
2009-02-06,2.804
2009-02-13,2.782
2009-02-20,2.820
2009-02-27,2.904
2009-03-06,2.988
2009-03-13,2.990
2009-03-20,2.895
2009-03-27,2.712
2009-04-03,2.491
2009-04-10,2.280
2009-04-17,2.114
2009-04-24,1.984
2009-05-01,1.858
2009-05-08,1.715
2009-05-15,1.563
2009-05-22,1.417
2009-05-29,1.318
2009-06-05,1.274
2009-06-12,1.279
2009-06-19,1.302
2009-06-26,1.294
2009-07-03,1.235
2009-07-10,1.126
2009-07-17,0.988
2009-07-24,0.854
2009-07-31,0.753
2009-08-07,0.691
2009-08-14,0.656
2009-08-21,0.627
2009-08-28,0.586
2009-09-04,0.534
2009-09-11,0.478
2009-09-18,0.429
2009-09-25,0.399
2009-10-02,0.391
2009-10-09,0.387
2009-10-16,0.378
2009-10-23,0.359
2009-10-30,0.337
2009-11-06,0.311
2009-11-13,0.288
2009-11-20,0.274
2009-11-27,0.259
2009-12-04,0.232
2009-12-11,0.185
2009-12-18,0.122
2009-12-25,0.055
2010-01-01,0.002
2010-01-08,-0.031
2010-01-15,-0.033
2010-01-22,-0.012
2010-01-29,0.009
2010-02-05,0.018
2010-02-12,0.006
2010-02-19,-0.030
2010-02-26,-0.077
2010-03-05,-0.129
2010-03-12,-0.181
2010-03-19,-0.234
2010-03-26,-0.291
2010-04-02,-0.350
2010-04-09,-0.396
2010-04-16,-0.410
2010-04-23,-0.380
2010-04-30,-0.301
2010-05-07,-0.187
2010-05-14,-0.071
2010-05-21,0.029
2010-05-28,0.091
2010-06-04,0.113
2010-06-11,0.109
2010-06-18,0.084
2010-06-25,0.051
2010-07-02,0.012
2010-07-09,-0.039
2010-07-16,-0.096
2010-07-23,-0.145
2010-07-30,-0.180
2010-08-06,-0.191
2010-08-13,-0.182
2010-08-20,-0.168
2010-08-27,-0.161
2010-09-03,-0.172
2010-09-10,-0.201
2010-09-17,-0.237
2010-09-24,-0.268
2010-10-01,-0.294
2010-10-08,-0.315
2010-10-15,-0.337
2010-10-22,-0.361
2010-10-29,-0.386
2010-11-05,-0.405
2010-11-12,-0.411
2010-11-19,-0.409
2010-11-26,-0.406
2010-12-03,-0.414
2010-12-10,-0.438
2010-12-17,-0.472
2010-12-24,-0.508
2010-12-31,-0.538
2011-01-07,-0.556
2011-01-14,-0.569
2011-01-21,-0.585
2011-01-28,-0.606
2011-02-04,-0.627
2011-02-11,-0.639
2011-02-18,-0.628
2011-02-25,-0.594
2011-03-04,-0.551
2011-03-11,-0.514
2011-03-18,-0.496
2011-03-25,-0.508
2011-04-01,-0.535
2011-04-08,-0.565
2011-04-15,-0.584
2011-04-22,-0.587
2011-04-29,-0.584
2011-05-06,-0.582
2011-05-13,-0.584
2011-05-20,-0.588
2011-05-27,-0.585
2011-06-03,-0.568
2011-06-10,-0.538
2011-06-17,-0.511
2011-06-24,-0.498
2011-07-01,-0.504
2011-07-08,-0.516
2011-07-15,-0.512
2011-07-22,-0.475
2011-07-29,-0.399
2011-08-05,-0.293
2011-08-12,-0.185
2011-08-19,-0.103
2011-08-26,-0.045
2011-09-02,-0.011
2011-09-09,0.017
2011-09-16,0.045
2011-09-23,0.071
2011-09-30,0.080
2011-10-07,0.062
2011-10-14,0.015
2011-10-21,-0.035
2011-10-28,-0.070
2011-11-04,-0.072
2011-11-11,-0.046
2011-11-18,-0.007
2011-11-25,0.025
2011-12-02,0.031
2011-12-09,0.017
2011-12-16,-0.005
2011-12-23,-0.032
2011-12-30,-0.062
2012-01-06,-0.100
2012-01-13,-0.152
2012-01-20,-0.214
2012-01-27,-0.276
2012-02-03,-0.323
2012-02-10,-0.349
2012-02-17,-0.357
2012-02-24,-0.361
2012-03-02,-0.375
2012-03-09,-0.396
2012-03-16,-0.423
2012-03-23,-0.441
2012-03-30,-0.441
2012-04-06,-0.427
2012-04-13,-0.406
2012-04-20,-0.387
2012-04-27,-0.369
2012-05-04,-0.349
2012-05-11,-0.317
2012-05-18,-0.272
2012-05-25,-0.226
2012-06-01,-0.190
2012-06-08,-0.177
2012-06-15,-0.191
2012-06-22,-0.226
2012-06-29,-0.264
2012-07-06,-0.298
2012-07-13,-0.320
2012-07-20,-0.336
2012-07-27,-0.350
2012-08-03,-0.369
2012-08-10,-0.394
2012-08-17,-0.421
2012-08-24,-0.445
2012-08-31,-0.464
2012-09-07,-0.482
2012-09-14,-0.504
2012-09-21,-0.530
2012-09-28,-0.556
2012-10-05,-0.581
2012-10-12,-0.596
2012-10-19,-0.600
2012-10-26,-0.593
2012-11-02,-0.584
2012-11-09,-0.578
2012-11-16,-0.577
2012-11-23,-0.584
2012-11-30,-0.591
2012-12-07,-0.598
2012-12-14,-0.605
2012-12-21,-0.611
2012-12-28,-0.618
2013-01-04,-0.632
2013-01-11,-0.646
2013-01-18,-0.656
2013-01-25,-0.660
2013-02-01,-0.657
2013-02-08,-0.653
2013-02-15,-0.655
2013-02-22,-0.665
2013-03-01,-0.681
2013-03-08,-0.703
2013-03-15,-0.723
2013-03-22,-0.738
2013-03-29,-0.749
2013-04-05,-0.759
2013-04-12,-0.770
2013-04-19,-0.784
2013-04-26,-0.801
2013-05-03,-0.816
2013-05-10,-0.826
2013-05-17,-0.822
2013-05-24,-0.805
2013-05-31,-0.776
2013-06-07,-0.737
2013-06-14,-0.698
2013-06-21,-0.668
2013-06-28,-0.654
2013-07-05,-0.658
2013-07-12,-0.677
2013-07-19,-0.704
2013-07-26,-0.729
2013-08-02,-0.743
2013-08-09,-0.746
2013-08-16,-0.740
2013-08-23,-0.731
2013-08-30,-0.726
2013-09-06,-0.727
2013-09-13,-0.733
2013-09-20,-0.741
2013-09-27,-0.748
2013-10-04,-0.754
2013-10-11,-0.764
2013-10-18,-0.778
2013-10-25,-0.796
2013-11-01,-0.816
2013-11-08,-0.834
2013-11-15,-0.846
2013-11-22,-0.852
2013-11-29,-0.855
2013-12-06,-0.859
2013-12-13,-0.867
2013-12-20,-0.879
2013-12-27,-0.890
2014-01-03,-0.893
2014-01-10,-0.888
2014-01-17,-0.877
2014-01-24,-0.865
2014-01-31,-0.859
2014-02-07,-0.865
2014-02-14,-0.878
2014-02-21,-0.890
2014-02-28,-0.896
2014-03-07,-0.892
2014-03-14,-0.880
2014-03-21,-0.865
2014-03-28,-0.853
2014-04-04,-0.846
2014-04-11,-0.842
2014-04-18,-0.837
2014-04-25,-0.831
2014-05-02,-0.824
2014-05-09,-0.819
2014-05-16,-0.822
2014-05-23,-0.833
2014-05-30,-0.847
2014-06-06,-0.861
2014-06-13,-0.867
2014-06-20,-0.866
2014-06-27,-0.857
2014-07-04,-0.843
2014-07-11,-0.828
2014-07-18,-0.814
2014-07-25,-0.802
2014-08-01,-0.792
2014-08-08,-0.787
2014-08-15,-0.790
2014-08-22,-0.795
2014-08-29,-0.800
2014-09-05,-0.803
2014-09-12,-0.796
2014-09-19,-0.780
2014-09-26,-0.757
2014-10-03,-0.735
2014-10-10,-0.720
2014-10-17,-0.713
2014-10-24,-0.721
2014-10-31,-0.737
2014-11-07,-0.754
2014-11-14,-0.763
2014-11-21,-0.761
2014-11-28,-0.748
2014-12-05,-0.727
2014-12-12,-0.701
2014-12-19,-0.677
2014-12-26,-0.656
2015-01-02,-0.636
2015-01-09,-0.617
2015-01-16,-0.597
2015-01-23,-0.580
2015-01-30,-0.569
2015-02-06,-0.566
2015-02-13,-0.571
2015-02-20,-0.579
2015-02-27,-0.587
2015-03-06,-0.590
2015-03-13,-0.588
2015-03-20,-0.585
2015-03-27,-0.584
2015-04-03,-0.586
2015-04-10,-0.590
2015-04-17,-0.592
2015-04-24,-0.591
2015-05-01,-0.585
2015-05-08,-0.577
2015-05-15,-0.574
2015-05-22,-0.576
2015-05-29,-0.581
2015-06-05,-0.585
2015-06-12,-0.585
2015-06-19,-0.577
2015-06-26,-0.566
2015-07-03,-0.553
2015-07-10,-0.545
2015-07-17,-0.542
2015-07-24,-0.538
2015-07-31,-0.528
2015-08-07,-0.510
2015-08-14,-0.485
2015-08-21,-0.457
2015-08-28,-0.432
2015-09-04,-0.418
2015-09-11,-0.414
2015-09-18,-0.419
2015-09-25,-0.429
2015-10-02,-0.440
2015-10-09,-0.454
2015-10-16,-0.466
2015-10-23,-0.477
2015-10-30,-0.488
2015-11-06,-0.493
2015-11-13,-0.490
2015-11-20,-0.478
2015-11-27,-0.456
2015-12-04,-0.425
2015-12-11,-0.389
2015-12-18,-0.356
2015-12-25,-0.331
2016-01-01,-0.316
2016-01-08,-0.308
2016-01-15,-0.304
2016-01-22,-0.301
2016-01-29,-0.296
2016-02-05,-0.291
2016-02-12,-0.288
2016-02-19,-0.296
2016-02-26,-0.312
2016-03-04,-0.330
2016-03-11,-0.348
2016-03-18,-0.358
2016-03-25,-0.359
2016-04-01,-0.352
2016-04-08,-0.343
2016-04-15,-0.335
2016-04-22,-0.332
2016-04-29,-0.331
2016-05-06,-0.331
2016-05-13,-0.332
2016-05-20,-0.329
2016-05-27,-0.324
2016-06-03,-0.316
2016-06-10,-0.307
2016-06-17,-0.296
2016-06-24,-0.289
2016-07-01,-0.283
2016-07-08,-0.283
2016-07-15,-0.288
2016-07-22,-0.294
2016-07-29,-0.301
2016-08-05,-0.302
2016-08-12,-0.297
2016-08-19,-0.285
2016-08-26,-0.266
2016-09-02,-0.246
2016-09-09,-0.230
2016-09-16,-0.220
2016-09-23,-0.217
2016-09-30,-0.222
2016-10-07,-0.233
2016-10-14,-0.249
2016-10-21,-0.269
2016-10-28,-0.296
2016-11-04,-0.327
2016-11-11,-0.359
2016-11-18,-0.388
2016-11-25,-0.408
2016-12-02,-0.420
2016-12-09,-0.423
2016-12-16,-0.421
2016-12-23,-0.418
2016-12-30,-0.417
2017-01-06,-0.417
2017-01-13,-0.419
2017-01-20,-0.421
2017-01-27,-0.423
2017-02-03,-0.425
2017-02-10,-0.431
2017-02-17,-0.437
2017-02-24,-0.443
2017-03-03,-0.449
2017-03-10,-0.452
2017-03-17,-0.452
2017-03-24,-0.452
2017-03-31,-0.455
2017-04-07,-0.459
2017-04-14,-0.466
2017-04-21,-0.472
2017-04-28,-0.481
2017-05-05,-0.490
2017-05-12,-0.501
2017-05-19,-0.512
2017-05-26,-0.525
2017-06-02,-0.534
2017-06-09,-0.539
2017-06-16,-0.542
2017-06-23,-0.544
2017-06-30,-0.552
2017-07-07,-0.566
2017-07-14,-0.581
2017-07-21,-0.594
2017-07-28,-0.597
2017-08-04,-0.588
2017-08-11,-0.570
2017-08-18,-0.550
2017-08-25,-0.532
2017-09-01,-0.522
2017-09-08,-0.518
2017-09-15,-0.522
2017-09-22,-0.529
2017-09-29,-0.538
2017-10-06,-0.549
2017-10-13,-0.562
2017-10-20,-0.576
2017-10-27,-0.590
2017-11-03,-0.603
2017-11-10,-0.612
2017-11-17,-0.616
2017-11-24,-0.615
2017-12-01,-0.613
2017-12-08,-0.611
2017-12-15,-0.613
2017-12-22,-0.619
2017-12-29,-0.628
2018-01-05,-0.637
2018-01-12,-0.639
2018-01-19,-0.633
2018-01-26,-0.619
2018-02-02,-0.599
2018-02-09,-0.577
2018-02-16,-0.561
2018-02-23,-0.547
2018-03-02,-0.534
2018-03-09,-0.519
2018-03-16,-0.502
2018-03-23,-0.486
2018-03-30,-0.477
2018-04-06,-0.477
2018-04-13,-0.489
2018-04-20,-0.510
2018-04-27,-0.530
2018-05-04,-0.547
2018-05-11,-0.558
2018-05-18,-0.563
2018-05-25,-0.563
2018-06-01,-0.559
2018-06-08,-0.554
2018-06-15,-0.547
2018-06-22,-0.540
2018-06-29,-0.535
2018-07-06,-0.537
2018-07-13,-0.547
2018-07-20,-0.563
2018-07-27,-0.583
2018-08-03,-0.601
2018-08-10,-0.615
2018-08-17,-0.621
2018-08-24,-0.624
2018-08-31,-0.626
2018-09-07,-0.631
2018-09-14,-0.638
2018-09-21,-0.643
2018-09-28,-0.642
2018-10-05,-0.634
2018-10-12,-0.620
2018-10-19,-0.605
2018-10-26,-0.593
2018-11-02,-0.585
2018-11-09,-0.578
2018-11-16,-0.564
2018-11-23,-0.541
2018-11-30,-0.510
2018-12-07,-0.479
2018-12-14,-0.457
2018-12-21,-0.451
2018-12-28,-0.461
2019-01-04,-0.484
2019-01-11,-0.509
2019-01-18,-0.531
2019-01-25,-0.551
2019-02-01,-0.570
2019-02-08,-0.591
2019-02-15,-0.615
2019-02-22,-0.637
2019-03-01,-0.653
2019-03-08,-0.658
2019-03-15,-0.657
2019-03-22,-0.653
2019-03-29,-0.653
2019-04-05,-0.659
2019-04-12,-0.670
2019-04-19,-0.680
2019-04-26,-0.684
2019-05-03,-0.681
2019-05-10,-0.672
2019-05-17,-0.662
2019-05-24,-0.654
2019-05-31,-0.648
2019-06-07,-0.646
2019-06-14,-0.643
2019-06-21,-0.640
2019-06-28,-0.638
2019-07-05,-0.639
2019-07-12,-0.642
2019-07-19,-0.644
2019-07-26,-0.641
2019-08-02,-0.628
2019-08-09,-0.607
2019-08-16,-0.583
2019-08-23,-0.566
2019-08-30,-0.560
2019-09-06,-0.565
2019-09-13,-0.573
2019-09-20,-0.577
2019-09-27,-0.574
2019-10-04,-0.564
2019-10-11,-0.557
2019-10-18,-0.561
2019-10-25,-0.579
2019-11-01,-0.606
2019-11-08,-0.629
2019-11-15,-0.639
2019-11-22,-0.629
2019-11-29,-0.605
2019-12-06,-0.579
2019-12-13,-0.566
2019-12-20,-0.570
2019-12-27,-0.586
2020-01-03,-0.604
2020-01-10,-0.617
2020-01-17,-0.627
2020-01-24,-0.641
2020-01-31,-0.663
2020-02-07,-0.686
2020-02-14,-0.680
2020-02-21,-0.610
2020-02-28,-0.453
2020-03-06,-0.226
2020-03-13,0.036
2020-03-20,0.272
2020-03-27,0.418
2020-04-03,0.463
2020-04-10,0.417
2020-04-17,0.318
2020-04-24,0.209
2020-05-01,0.102
2020-05-08,0.001
2020-05-15,-0.098
2020-05-22,-0.205
2020-05-29,-0.308
2020-06-05,-0.390
2020-06-12,-0.434
2020-06-19,-0.445
2020-06-26,-0.437
2020-07-03,-0.431
2020-07-10,-0.441
2020-07-17,-0.466
2020-07-24,-0.497
2020-07-31,-0.519
2020-08-07,-0.525
2020-08-14,-0.526
2020-08-21,-0.534
2020-08-28,-0.557
2020-09-04,-0.594
2020-09-11,-0.628
2020-09-18,-0.647
2020-09-25,-0.637
2020-10-02,-0.605
2020-10-09,-0.562
2020-10-16,-0.529
2020-10-23,-0.514
2020-10-30,-0.516
2020-11-06,-0.531
2020-11-13,-0.547
2020-11-20,-0.556
2020-11-27,-0.560
2020-12-04,-0.562
2020-12-11,-0.567
2020-12-18,-0.575
2020-12-25,-0.583
2021-01-01,-0.589
2021-01-08,-0.590
2021-01-15,-0.591
2021-01-22,-0.594
2021-01-29,-0.601
2021-02-05,-0.618
2021-02-12,-0.634
2021-02-19,-0.645
2021-02-26,-0.650
2021-03-05,-0.649
2021-03-12,-0.646
2021-03-19,-0.644
2021-03-26,-0.647
2021-04-02,-0.654
2021-04-09,-0.660
2021-04-16,-0.663
2021-04-23,-0.662
2021-04-30,-0.658
2021-05-07,-0.657
2021-05-14,-0.659
2021-05-21,-0.667
2021-05-28,-0.677
2021-06-04,-0.686
2021-06-11,-0.691
2021-06-18,-0.692
2021-06-25,-0.692
2021-07-02,-0.693
2021-07-09,-0.695
2021-07-16,-0.696
2021-07-23,-0.694
2021-07-30,-0.688
2021-08-06,-0.680
2021-08-13,-0.676
2021-08-20,-0.678
2021-08-27,-0.689
2021-09-03,-0.705
2021-09-10,-0.719
2021-09-17,-0.725
2021-09-24,-0.722
2021-10-01,-0.712
2021-10-08,-0.699
2021-10-15,-0.688
2021-10-22,-0.678
2021-10-29,-0.663
2021-11-05,-0.639
2021-11-12,-0.606
2021-11-19,-0.567
2021-11-26,-0.532
2021-12-03,-0.511
2021-12-10,-0.511
2021-12-17,-0.524
2021-12-24,-0.543
2021-12-31,-0.558
2022-01-07,-0.564
2022-01-14,-0.561
2022-01-21,-0.554
2022-01-28,-0.546
2022-02-04,-0.534
2022-02-11,-0.509
2022-02-18,-0.466
2022-02-25,-0.410
2022-03-04,-0.350
2022-03-11,-0.306
2022-03-18,-0.291
2022-03-25,-0.302
2022-04-01,-0.326
2022-04-08,-0.341
2022-04-15,-0.331
2022-04-22,-0.295
2022-04-29,-0.247
2022-05-06,-0.203
2022-05-13,-0.177
2022-05-20,-0.167
2022-05-27,-0.158
2022-06-03,-0.136
2022-06-10,-0.098
2022-06-17,-0.052
2022-06-24,-0.020
2022-07-01,-0.018
2022-07-08,-0.049
2022-07-15,-0.103
2022-07-22,-0.160
2022-07-29,-0.200
2022-08-05,-0.218
2022-08-12,-0.220
2022-08-19,-0.213
2022-08-26,-0.204
2022-09-02,-0.193
2022-09-09,-0.174
2022-09-16,-0.139
2022-09-23,-0.093
2022-09-30,-0.048
2022-10-07,-0.018
2022-10-14,-0.014
2022-10-21,-0.037
2022-10-28,-0.076
2022-11-04,-0.118
2022-11-11,-0.148
2022-11-18,-0.163
2022-11-25,-0.164
2022-12-02,-0.162
2022-12-09,-0.165
2022-12-16,-0.180
2022-12-23,-0.201
2022-12-30,-0.228
2023-01-06,-0.255
2023-01-13,-0.278
2023-01-20,-0.297
2023-01-27,-0.315
2023-02-03,-0.328
2023-02-10,-0.331
2023-02-17,-0.317
2023-02-24,-0.280
2023-03-03,-0.227
2023-03-10,-0.170
2023-03-17,-0.122
2023-03-24,-0.104
2023-03-31,-0.118
2023-04-07,-0.152
2023-04-14,-0.194
2023-04-21,-0.230
2023-04-28,-0.252
2023-05-05,-0.262
2023-05-12,-0.266
2023-05-19,-0.269
2023-05-26,-0.272
2023-06-02,-0.275
2023-06-09,-0.272
2023-06-16,-0.267
2023-06-23,-0.264
2023-06-30,-0.265
2023-07-07,-0.275
2023-07-14,-0.293
2023-07-21,-0.312
2023-07-28,-0.326
2023-08-04,-0.333
2023-08-11,-0.334
2023-08-18,-0.330
2023-08-25,-0.326
2023-09-01,-0.325
2023-09-08,-0.323
2023-09-15,-0.320
2023-09-22,-0.312
2023-09-29,-0.298
2023-10-06,-0.285
2023-10-13,-0.276
2023-10-20,-0.276
2023-10-27,-0.286
2023-11-03,-0.306
2023-11-10,-0.329
2023-11-17,-0.350
2023-11-24,-0.365
2023-12-01,-0.375
2023-12-08,-0.382
2023-12-15,-0.389
2023-12-22,-0.398
2023-12-29,-0.409
2024-01-05,-0.420
2024-01-12,-0.429
2024-01-19,-0.435
2024-01-26,-0.439
2024-02-02,-0.443
2024-02-09,-0.447
2024-02-16,-0.455
2024-02-23,-0.466
2024-03-01,-0.479
2024-03-08,-0.492
2024-03-15,-0.501
2024-03-22,-0.505
2024-03-29,-0.503
2024-04-05,-0.497
2024-04-12,-0.488
2024-04-19,-0.482
2024-04-26,-0.481
2024-05-03,-0.485
2024-05-10,-0.491
2024-05-17,-0.495
2024-05-24,-0.492
2024-05-31,-0.481
2024-06-07,-0.466
2024-06-14,-0.450
2024-06-21,-0.438
2024-06-28,-0.430
2024-07-05,-0.426
2024-07-12,-0.421
2024-07-19,-0.414
2024-07-26,-0.407
2024-08-02,-0.403
2024-08-09,-0.405
2024-08-16,-0.417
2024-08-23,-0.435
2024-08-30,-0.454
2024-09-06,-0.473
2024-09-13,-0.487
2024-09-20,-0.498
2024-09-27,-0.506
2024-10-04,-0.513
2024-10-11,-0.520
2024-10-18,-0.529
2024-10-25,-0.537
2024-11-01,-0.546
2024-11-08,-0.556
2024-11-15,-0.564
2024-11-22,-0.567
2024-11-29,-0.566
2024-12-06,-0.562
2024-12-13,-0.555
2024-12-20,-0.550
2024-12-27,-0.551
2025-01-03,-0.554
2025-01-10,-0.561
2025-01-17,-0.565
2025-01-24,-0.563
2025-01-31,-0.555
2025-02-07,-0.540
2025-02-14,-0.523
2025-02-21,-0.507
2025-02-28,-0.495
2025-03-07,-0.486
2025-03-14,-0.478
2025-03-21,-0.467
2025-03-28,-0.453
2025-04-04,-0.436
2025-04-11,-0.424
2025-04-18,-0.424
2025-04-25,-0.435
2025-05-02,-0.457
2025-05-09,-0.482
2025-05-16,-0.503
2025-05-23,-0.516
2025-05-30,-0.522
2025-06-06,-0.524
2025-06-13,-0.527
2025-06-20,-0.534
2025-06-27,-0.544
2025-07-04,-0.555
2025-07-11,-0.563
2025-07-18,-0.568
2025-07-25,-0.572
2025-08-01,-0.575
2025-08-08,-0.578
2025-08-15,-0.582
2025-08-22,-0.583
2025-08-29,-0.583
2025-09-05,-0.582
2025-09-12,-0.583
2025-09-19,-0.586
2025-09-26,-0.591
2025-10-03,-0.595
2025-10-10,-0.596
2025-10-17,-0.594
2025-10-24,-0.589
2025-10-31,-0.585
2025-11-07,-0.582
2025-11-14,-0.578
2025-11-21,-0.574
2025-11-28,-0.569
2025-12-05,-0.562
2025-12-12,-0.558
2025-12-19,-0.560
2025-12-26,-0.570
2026-01-02,-0.582
2026-01-09,-0.593
2026-01-16,-0.599
2026-01-23,-0.598
2026-01-30,-0.591
2026-02-06,-0.579
2026-02-13,-0.565
2026-02-20,-0.547
2026-02-27,-0.525
2026-03-06,-0.501
2026-03-13,-0.478
2026-03-20,-0.465
2026-03-27,-0.462
2026-04-03,-0.473
2026-04-10,-0.492
2026-04-17,-0.510
2026-04-24,-0.520
2026-05-01,-0.521
2026-05-08,-0.518
2026-05-15,-0.516
2026-05-22,-0.521
2026-05-29,-0.532
2026-06-05,-0.550
2026-06-12,-0.563
2026-06-19,-0.572
2026-06-26,-0.577
2026-07-03,-0.578
2026-07-10,-0.580
2026-07-17,-0.582
2026-07-24,-0.585
2026-07-31,-0.587
2026-08-07,-0.587
2026-08-14,-0.587
2026-08-21,-0.587
2026-08-28,-0.588
2026-09-04,-0.590
2026-09-11,-0.589
2026-09-18,-0.585
2026-09-25,-0.574
