observation_month,available_date,score,regime,composite_z,deficit_level_z,fiscal_impulse_z,deficit_pct_gdp,fiscal_impulse_pp,ttm_deficit_billions,gdp_observation_month,gdp_available_date,gdp_billions_saar
2017-11,2017-12-31,63.1661192337,SUPPORTIVE,0.7899671540,1.3293703567,0.2505639514,3.4792573888,0.4772890700,685.1560665775,2017-07,2017-10-31,19692.5950000000
2017-12,2018-01-31,58.7325404527,NEUTRAL,0.5239524272,1.0737422064,-0.0258373520,3.3978681309,0.3583617537,680.8338275075,2017-10,2018-01-31,20037.0880000000
2018-01,2018-02-28,58.3677853882,NEUTRAL,0.5020671233,1.0536425344,-0.0495082878,3.4079567073,0.3479881094,682.8552844426,2017-10,2018-01-31,20037.0880000000
2018-02,2018-03-31,62.5941641464,SUPPORTIVE,0.7556498488,1.2776247034,0.2336749942,3.5237604962,0.4667754231,706.0589915296,2017-10,2018-01-31,20037.0880000000
2018-03,2018-04-30,59.7603624939,NEUTRAL,0.5856217496,1.4598688265,-0.2886253273,3.6331652136,0.2527387532,738.5699160314,2018-01,2018-04-30,20328.5530000000
2018-04,2018-05-31,61.1837185770,SUPPORTIVE,0.6710231146,1.0407290948,0.3013171344,3.4766019008,0.4902410773,706.7428600128,2018-01,2018-04-30,20328.5530000000
2018-05,2018-06-30,68.1056449665,SUPPORTIVE,1.0863386980,1.6265668907,0.5461105053,3.7637371878,0.5910774793,765.1133090122,2018-01,2018-04-30,20328.5530000000
2018-06,2018-07-31,52.7993582379,NEUTRAL,0.1679614943,1.2843781863,-0.9484551978,3.6428808811,-0.0002573532,749.7381084050,2018-04,2018-07-31,20580.9120000000
2018-07,2018-08-31,66.4275538008,SUPPORTIVE,0.9856532280,1.5734003592,0.3979060969,3.8077222257,0.5240528129,783.6639604747,2018-04,2018-07-31,20580.9120000000
2018-08,2018-09-30,83.9981810206,SUPPORTIVE,2.0398908612,2.4367959702,1.6429857523,4.3249915707,1.0383528092,890.1227091755,2018-04,2018-07-31,20580.9120000000
2018-09,2018-10-31,59.5212222060,NEUTRAL,0.5712733324,1.1920265031,-0.0494798384,3.7454536081,0.3724223409,779.0067832304,2018-07,2018-10-31,20798.7300000000
2018-10,2018-11-30,63.7378091511,SUPPORTIVE,0.8242685491,1.4871760169,0.1613610812,3.9246814965,0.4550564741,816.2839078081,2018-07,2018-10-31,20798.7300000000
2018-11,2018-12-31,74.3752909849,SUPPORTIVE,1.4625174591,1.9797199646,0.9453149536,4.2437159740,0.7644585852,882.6390273893,2018-07,2018-10-31,20798.7300000000
2018-12,2019-01-31,72.4149018447,SUPPORTIVE,1.3448941107,1.7408270920,0.9489611294,4.1733931406,0.7755250097,872.9848265297,2018-10,2019-01-31,20917.8670000000
2019-01,2019-02-28,77.8319068311,SUPPORTIVE,1.6699144099,1.9643183292,1.3755104905,4.3672602021,0.9593034948,913.5376806266,2018-10,2019-01-31,20917.8670000000
2019-02,2019-03-31,77.0743861051,SUPPORTIVE,1.6244631663,1.9856970568,1.2632292758,4.4567964651,0.9330359689,932.2667570310,2018-10,2019-01-31,20917.8670000000
2019-03,2019-04-30,62.3716858385,SUPPORTIVE,0.7423011503,1.3605360027,0.1240662979,4.1231752822,0.4900100686,870.4682728750,2019-01,2019-04-30,21111.6000000000
2019-04,2019-05-31,73.9000160903,SUPPORTIVE,1.4340009654,1.7072130014,1.1607889295,4.3787248604,0.9021229596,924.4188776325,2019-01,2019-04-30,21111.6000000000
2019-05,2019-06-30,76.4955791073,SUPPORTIVE,1.5897347464,2.0464713596,1.1329981332,4.6675326627,0.9037954748,985.3908256136,2019-01,2019-04-30,21111.6000000000
2019-06,2019-07-31,65.6658346070,SUPPORTIVE,0.9399500764,1.4029494873,0.4769506656,4.2948491280,0.6519682469,919.0091536042,2019-04,2019-07-31,21397.9380000000
2019-07,2019-08-31,68.3643574219,SUPPORTIVE,1.1018614453,1.6434615054,0.5602613852,4.4950112956,0.6872890699,961.8397301271,2019-04,2019-07-31,21397.9380000000
2019-08,2019-09-30,54.5314559818,NEUTRAL,0.2718873589,1.4880874427,-0.9443127249,4.4305042550,0.1055126843,948.0365535756,2019-04,2019-07-31,21397.9380000000
2019-09,2019-10-31,70.0705517648,SUPPORTIVE,1.2042331059,1.5794006494,0.8290655624,4.5327492425,0.7872956344,984.3849039911,2019-07,2019-10-31,21717.1710000000
2019-10,2019-11-30,70.7464826563,SUPPORTIVE,1.2447889594,1.7334494495,0.7561284692,4.6891988205,0.7645173241,1018.3613263802,2019-07,2019-10-31,21717.1710000000
2019-11,2019-12-31,63.7380385643,SUPPORTIVE,0.8242823139,1.6877977696,-0.0392331419,4.7073215173,0.4636055434,1022.2970634381,2019-07,2019-10-31,21717.1710000000
2019-12,2020-01-31,63.1948649425,SUPPORTIVE,0.7916918965,1.5620694480,0.0213143451,4.6597371563,0.4863440158,1022.0302621255,2019-10,2020-01-31,21933.2170000000
2020-01,2020-02-29,64.6355673241,SUPPORTIVE,0.8781340394,1.7503426557,0.0059254232,4.8479272728,0.4806670707,1063.3064087441,2019-10,2020-01-31,21933.2170000000
2020-02,2020-03-31,62.2655140982,SUPPORTIVE,0.7359308459,1.6909803650,-0.2191186732,4.8541186356,0.3973221705,1064.6643737919,2019-10,2020-01-31,21933.2170000000
2020-03,2020-04-30,66.4688821754,SUPPORTIVE,0.9881329305,1.5224825481,0.4537833129,4.7668310781,0.6436557959,1036.8447728560,2020-01,2020-04-30,21751.2380000000
2020-04,2020-05-31,100.0000000000,SUPPORTIVE,3.0000000000,3.0000000000,3.0000000000,8.8960449187,4.5173200582,1934.9999028455,2020-01,2020-04-30,21751.2380000000
2020-05,2020-06-30,100.0000000000,SUPPORTIVE,3.0000000000,3.0000000000,3.0000000000,9.7743996234,5.1068669607,2126.0529251586,2020-01,2020-04-30,21751.2380000000
2020-06,2020-07-31,100.0000000000,SUPPORTIVE,3.0000000000,3.0000000000,3.0000000000,14.9394087660,10.6445596380,2981.6506751961,2020-04,2020-07-31,19958.2910000000
2020-07,2020-08-31,100.0000000000,SUPPORTIVE,3.0000000000,3.0000000000,3.0000000000,14.6552958637,10.1602845681,2924.9465953971,2020-04,2020-07-31,19958.2910000000
2020-08,2020-09-30,100.0000000000,SUPPORTIVE,3.0000000000,3.0000000000,3.0000000000,14.6540465893,10.2235423343,2924.6972615757,2020-04,2020-07-31,19958.2910000000
2020-09,2020-10-31,100.0000000000,SUPPORTIVE,3.0000000000,3.0000000000,3.0000000000,14.4305769298,9.8978276873,3132.0754784596,2020-07,2020-10-31,21704.4370000000
2020-10,2020-11-30,100.0000000000,SUPPORTIVE,3.0000000000,3.0000000000,3.0000000000,15.1198506126,10.4306517921,3281.6784506987,2020-07,2020-10-31,21704.4370000000
2020-11,2020-12-31,97.1325022969,SUPPORTIVE,2.8279501378,2.8207092317,2.8351910439,14.8269518337,10.1196303164,3218.1064197718,2020-07,2020-10-31,21704.4370000000
2020-12,2021-01-31,95.4631521660,SUPPORTIVE,2.7277891300,2.7089725074,2.7466057525,15.1599218274,10.5001846711,3348.3961898945,2020-10,2021-01-31,22087.1600000000
2021-01,2021-02-28,94.5788226814,SUPPORTIVE,2.6747293609,2.6727036400,2.6767550817,15.7495821072,10.9016548344,3478.6353993544,2020-10,2021-01-31,22087.1600000000
2021-02,2021-03-31,93.2172402945,SUPPORTIVE,2.5930344177,2.5860722193,2.5999966161,16.0918023321,11.2376836965,3554.2221279845,2020-10,2021-01-31,22087.1600000000
2021-03,2021-04-30,98.0074112035,SUPPORTIVE,2.8804446722,2.8337182965,2.9271710479,18.0345813818,13.2677503037,4094.6885817070,2021-01,2021-04-30,22704.6500000000
2021-04,2021-05-31,78.5211257296,SUPPORTIVE,1.7112675438,2.2106652947,1.2118697928,15.7783424142,6.8822974956,3582.4174209532,2021-01,2021-04-30,22704.6500000000
2021-05,2021-06-30,71.2062279389,SUPPORTIVE,1.2723736763,1.8821979750,0.6625493777,14.6029516881,4.8285520647,3315.5490704617,2021-01,2021-04-30,22704.6500000000
2021-06,2021-07-31,46.2968745682,NEUTRAL,-0.2221875259,1.1233760986,-1.5677511504,11.1935381224,-3.7458706436,2625.6355522321,2021-04,2021-07-31,23456.7080000000
2021-07,2021-08-31,50.9385309381,NEUTRAL,0.0563118563,1.3166284509,-1.2040047384,12.2126869388,-2.4426089250,2864.6943141811,2021-04,2021-07-31,23456.7080000000
2021-08,2021-09-30,50.4247621659,NEUTRAL,0.0254857300,1.2650705091,-1.2140990492,12.0870923266,-2.5669542628,2835.2339527353,2021-04,2021-07-31,23456.7080000000
2021-09,2021-10-31,48.8374227970,NEUTRAL,-0.0697546322,1.1314162915,-1.2709255559,11.5512549085,-2.8793220213,2772.1676455288,2021-07,2021-10-31,23998.8440000000
2021-10,2021-11-30,45.5903969486,NEUTRAL,-0.2645761831,1.0107271616,-1.5398795278,11.0553344790,-4.0645161336,2653.1524752892,2021-07,2021-10-31,23998.8440000000
2021-11,2021-12-31,47.0825228092,NEUTRAL,-0.1750486314,1.0364808235,-1.3865780864,11.2472969626,-3.5796548711,2699.2212522813,2021-07,2021-10-31,23998.8440000000
2021-12,2022-01-31,43.2778613843,NEUTRAL,-0.4033283169,0.8415404236,-1.6481970575,10.3812687018,-4.7786531256,2576.9620542674,2021-10,2022-01-31,24823.1900000000
2022-01,2022-02-28,38.1986829058,RESTRICTIVE,-0.7080790256,0.5934019314,-2.0095599827,9.2471221731,-6.5024599341,2295.4307065582,2021-10,2022-01-31,24823.1900000000
2022-02,2022-03-31,36.6743860403,RESTRICTIVE,-0.7995368376,0.5074348930,-2.1065085681,8.8671057834,-7.2246965488,2201.0985161096,2021-10,2022-01-31,24823.1900000000
2022-03,2022-04-30,26.7621177021,RESTRICTIVE,-1.3942729379,0.0746535388,-2.8631994146,6.8653595944,-11.1692217874,1734.1892843260,2022-01,2022-04-30,25259.9920000000
2022-04,2022-05-31,24.5152952195,RESTRICTIVE,-1.5290822868,-0.3818401515,-2.6763244221,4.7521581300,-11.0261842842,1200.3947634734,2022-01,2022-04-30,25259.9920000000
2022-05,2022-06-30,26.6304045773,RESTRICTIVE,-1.4021757254,-0.4353638153,-2.3689876354,4.4919422837,-10.1110094044,1134.6642615148,2022-01,2022-04-30,25259.9920000000
2022-06,2022-07-31,31.4784403185,RESTRICTIVE,-1.1112935809,-0.5267741989,-1.6958129628,4.0563257387,-7.1372123836,1049.3452241787,2022-04,2022-07-31,25869.3530000000
2022-07,2022-08-31,28.9766917670,RESTRICTIVE,-1.2613984940,-0.5992692699,-1.9235277181,3.7045630630,-8.5081238757,958.3464958855,2022-04,2022-07-31,25869.3530000000
2022-08,2022-09-30,30.3172946750,RESTRICTIVE,-1.1809623195,-0.5528114140,-1.8091132250,3.8938278942,-8.1932644323,1007.3080831732,2022-04,2022-07-31,25869.3530000000
2022-09,2022-10-31,36.1625405729,RESTRICTIVE,-0.8302475656,-0.2553248925,-1.4051702387,5.2227749297,-6.3284799788,1375.4373109224,2022-07,2022-10-31,26335.3740000000
2022-10,2022-11-30,36.1662228826,RESTRICTIVE,-0.8300266270,-0.3188622386,-1.3411910155,4.9294146356,-6.1259198434,1298.1797803005,2022-07,2022-10-31,26335.3740000000
2022-11,2022-12-31,36.8124064740,RESTRICTIVE,-0.7912556116,-0.2682446084,-1.3142666147,5.1466123869,-6.1006845757,1355.3796204311,2022-07,2022-10-31,26335.3740000000
2022-12,2023-01-31,38.9291129426,RESTRICTIVE,-0.6642532234,-0.2320326235,-1.0964738234,5.3001831119,-5.0810855900,1419.0772275838,2022-10,2023-01-31,26774.1170000000
2023-01,2023-02-28,42.9649585957,NEUTRAL,-0.4221024843,-0.0975733573,-0.7466316113,5.8883729300,-3.3587492431,1576.5598576647,2022-10,2023-01-31,26774.1170000000
2023-02,2023-03-31,44.2543893852,NEUTRAL,-0.3447366369,-0.0580357176,-0.6314375561,6.0595983382,-2.8075074452,1622.4039488028,2022-10,2023-01-31,26774.1170000000
2023-03,2023-04-30,49.6675207437,NEUTRAL,-0.0199487554,0.0743149774,-0.1142124881,6.6362437664,-0.2291158280,1807.7978786177,2023-01,2023-04-30,27241.2820000000
2023-04,2023-05-31,54.9331537486,NEUTRAL,0.2959892249,0.1854676325,0.4065108174,7.1209282617,2.3687701317,1939.8321487953,2023-01,2023-04-30,27241.2820000000
2023-05,2023-06-30,57.6366981349,NEUTRAL,0.4582018881,0.3322296618,0.5841741144,7.7601260735,3.2681837898,2113.9578272441,2023-01,2023-04-30,27241.2820000000
2023-06,2023-07-31,59.8339102195,NEUTRAL,0.5900346132,0.4281863591,0.7518828672,8.1822142207,4.1258884819,2252.8847268561,2023-04,2023-07-31,27533.9250000000
2023-07,2023-08-31,60.4731218339,SUPPORTIVE,0.6283873100,0.4336655504,0.8231090697,8.2175536694,4.5129906063,2262.6150641594,2023-04,2023-07-31,27533.9250000000
2023-08,2023-09-30,55.9970468169,NEUTRAL,0.3598228090,0.1678940122,0.5517516059,7.0958399520,3.2020120578,1953.7632505160,2023-04,2023-07-31,27533.9250000000
2023-09,2023-10-31,49.8402070026,NEUTRAL,-0.0095875798,-0.0822538494,0.0630786897,6.0400158196,0.8172408899,1695.0719724290,2023-07,2023-10-31,28064.0320000000
2023-10,2023-11-30,50.0628817206,NEUTRAL,0.0037729032,-0.0997730787,0.1073188851,5.9643521189,1.0349374833,1673.8376872473,2023-07,2023-10-31,28064.0320000000
2023-11,2023-12-31,50.5540635038,NEUTRAL,0.0332438102,-0.0435814419,0.1100690623,6.1976654277,1.0510530408,1739.3148088818,2023-07,2023-10-31,28064.0320000000
2023-12,2024-01-31,50.5421583707,NEUTRAL,0.0325295022,-0.0268752990,0.0919343035,6.2663726536,0.9661895417,1783.6794872237,2023-10,2024-01-31,28464.3060000000
2024-01,2024-02-29,49.2981536904,NEUTRAL,-0.0421107786,-0.0410144166,-0.0432071405,6.2071637078,0.3187907779,1766.8260717156,2023-10,2024-01-31,28464.3060000000
2024-02,2024-03-31,49.4506515652,NEUTRAL,-0.0329609061,-0.0119907171,-0.0539310950,6.3260522726,0.2664539344,1800.6668766012,2023-10,2024-01-31,28464.3060000000
2024-03,2024-04-30,46.3114205901,NEUTRAL,-0.2213147646,-0.1493443169,-0.2932852123,5.7619434542,-0.8743003122,1659.0473840797,2024-01,2024-04-30,28793.1910000000
2024-04,2024-05-31,45.0400751374,NEUTRAL,-0.2975954918,-0.1769325763,-0.4182584072,5.6461226121,-1.4748056496,1625.6988678035,2024-01,2024-04-30,28793.1910000000
2024-05,2024-06-30,45.3550764198,NEUTRAL,-0.2786954148,-0.0848169208,-0.4725739088,6.0169833967,-1.7431426769,1732.4815218367,2024-01,2024-04-30,28793.1910000000
2024-06,2024-07-31,42.1741669132,NEUTRAL,-0.4695499852,-0.2435648940,-0.6955350764,5.3729700545,-2.8092441661,1570.6784017750,2024-04,2024-07-31,29232.9640000000
2024-07,2024-08-31,42.4645626780,NEUTRAL,-0.4521262393,-0.2228287162,-0.6814237624,5.4515080705,-2.7660455988,1593.6373917189,2024-04,2024-07-31,29232.9640000000
2024-08,2024-09-30,50.7015126619,NEUTRAL,0.0420907597,0.1788631672,-0.0946816478,7.0570106057,-0.0388293463,2062.9733698471,2024-04,2024-07-31,29232.9640000000
2024-09,2024-10-31,49.1915466769,NEUTRAL,-0.0485071994,-0.0415198438,-0.0554945550,6.1813864169,0.1413705973,1827.7281601046,2024-07,2024-10-31,29568.2560000000
2024-10,2024-11-30,51.8487789595,NEUTRAL,0.1109267376,0.1213017631,0.1005517120,6.8269665690,0.8626144501,2018.6149521668,2024-07,2024-10-31,29568.2560000000
2024-11,2024-12-31,52.1169784769,NEUTRAL,0.1270187086,0.1658717915,0.0881656257,7.0053709432,0.8077055155,2071.3660142477,2024-07,2024-10-31,29568.2560000000
2024-12,2025-01-31,51.0888928755,NEUTRAL,0.0653335725,0.1073834346,0.0232837105,6.7783581202,0.5119854666,2028.7322183412,2024-10,2025-01-31,29929.5520000000
2025-01,2025-02-28,52.6013995350,NEUTRAL,0.1560839721,0.1979289045,0.1142390397,7.1348948647,0.9277311569,2135.4420686837,2024-10,2025-01-31,29929.5520000000
2025-02,2025-03-31,52.5138386879,NEUTRAL,0.1508303213,0.2062042355,0.0954564071,7.1707876393,0.8447353666,2146.1846153031,2024-10,2025-01-31,29929.5520000000
2025-03,2025-04-30,52.3077145849,NEUTRAL,0.1384628751,0.1255796338,0.1513461164,6.8615257649,1.0995823107,2070.2581128522,2025-01,2025-04-30,30171.9790000000
2025-04,2025-05-31,51.8625903121,NEUTRAL,0.1117554187,0.0830952443,0.1404155932,6.6995521585,1.0534295464,2021.3874703626,2025-01,2025-04-30,30171.9790000000
2025-05,2025-06-30,50.7499696941,NEUTRAL,0.0449981816,0.0559068390,0.0340895242,6.5963864613,0.5794030646,1990.2603378604,2025-01,2025-04-30,30171.9790000000
2025-06,2025-07-31,50.3227071716,NEUTRAL,0.0193624303,-0.0493740747,0.0880989353,6.1941699166,0.8211998620,1897.2850233063,2025-04,2025-07-31,30630.1740000000
2025-07,2025-08-31,50.8024256165,NEUTRAL,0.0481455370,-0.0085690768,0.1048601508,6.3489244178,0.8974163472,1944.6865962965,2025-04,2025-07-31,30630.1740000000
2025-08,2025-09-30,47.3069587665,NEUTRAL,-0.1615824740,-0.0388832006,-0.2842817474,6.2337160824,-0.8232945233,1909.3980827202,2025-04,2025-07-31,30630.1740000000
2025-09,2025-10-31,46.7677774695,NEUTRAL,-0.1939333518,-0.1812444199,-0.2066222838,5.6949435059,-0.4864429110,1775.7114612257,2025-07,2025-10-31,31180.4930000000
2025-10,2025-11-30,45.9121602674,NEUTRAL,-0.2452703840,-0.1575436648,-0.3329971031,5.7812144562,-1.0457521129,1802.6111688166,2025-07,2025-10-31,31180.4930000000
2025-11,2025-12-31,43.0332502768,NEUTRAL,-0.4180049834,-0.3222985738,-0.5137113930,5.1606794015,-1.8446915418,1609.1252795255,2025-07,2025-10-31,31180.4930000000
2025-12,2026-01-31,44.0063049881,NEUTRAL,-0.3596217007,-0.2924636726,-0.4267797288,5.2988213823,-1.4795367380,1667.1428961215,2025-10,2026-01-31,31462.5230000000
2026-01,2026-02-28,42.8280405354,NEUTRAL,-0.4303175679,-0.3300739078,-0.5305612280,5.1906767039,-1.9442181608,1633.1178518172,2025-10,2026-01-31,31462.5230000000
2026-02,2026-03-31,42.7219282597,NEUTRAL,-0.4366843044,-0.3381729993,-0.5351956095,5.1922158008,-1.9785718384,1633.6020905441,2025-10,2026-01-31,31462.5230000000
2026-03,2026-04-30,43.0203284166,NEUTRAL,-0.4187802950,-0.3624500868,-0.4751105033,5.1311917771,-1.7303339878,1637.1721078626,2026-01,2026-04-30,31906.2740000000
2026-04,2026-05-31,43.8700403861,NEUTRAL,-0.3677975768,-0.3322718414,-0.4033233123,5.2671393619,-1.4324127966,1680.5479167798,2026-01,2026-04-30,31906.2740000000
2026-05,2026-06-30,43.7261831639,NEUTRAL,-0.3764290102,-0.3599387067,-0.3929193137,5.1939396549,-1.4024468064,1657.1926176741,2026-01,2026-04-30,31906.2740000000
2026-06,2026-07-31,45.9145787597,NEUTRAL,-0.2451252744,-0.2713503553,-0.2189001936,5.5415847829,-0.6525851337,1804.5079153382,2026-04,2026-07-31,32563.0300000000
2026-07,2026-08-31,47.3827402269,NEUTRAL,-0.1570355864,-0.1596988075,-0.1543723653,5.9750985387,-0.3738258791,1945.6731296720,2026-04,2026-07-31,32563.0300000000
2026-08,2026-09-30,45.2503706503,NEUTRAL,-0.2849777610,-0.3193672412,-0.2505882808,5.4284819014,-0.8052341811,1767.6781900913,2026-04,2026-07-31,32563.0300000000
