observation_date,FGRECPT
2014-01-01,3262.838
2014-04-01,3295.831
2014-07-01,3303.698
2014-10-01,3315.298
2015-01-01,3391.529
2015-04-01,3445.401
2015-07-01,3446.663
2015-10-01,3509.950
2016-01-01,3445.531
2016-04-01,3447.085
2016-07-01,3468.731
2016-10-01,3481.343
2017-01-01,3482.184
2017-04-01,3467.749
2017-07-01,3512.179
2017-10-01,3552.878
2018-01-01,3514.225
2018-04-01,3552.722
2018-07-01,3632.415
2018-10-01,3633.016
2019-01-01,3652.348
2019-04-01,3679.518
2019-07-01,3708.594
2019-10-01,3776.860
2020-01-01,3791.218
2020-04-01,3534.511
2020-07-01,3797.575
2020-10-01,3943.357
2021-01-01,4138.232
2021-04-01,4371.199
2021-07-01,4525.801
2021-10-01,4682.797
2022-01-01,5071.383
2022-04-01,5125.839
2022-07-01,5146.986
2022-10-01,5119.376
2023-01-01,4758.058
2023-04-01,4779.780
2023-07-01,4849.373
2023-10-01,4934.482
2024-01-01,5013.847
2024-04-01,5115.973
2024-07-01,5194.465
2024-10-01,5324.423
2025-01-01,5409.095
2025-04-01,5657.411
2025-07-01,5820.450
2025-10-01,5917.818
2026-01-01,5936.898
2026-04-01,6055.991
