observation_month,available_date,effective_score,regime,structural_support_score,observed_conditions_score,structural_support_z,observed_conditions_z,anfci_z,real_yield_z,term_premium_z,reserves_z,anfci,dfii10,term_premium,reserves_3m_pct
2006-02,2006-03-31,40.6572527678,NEUTRAL,47.0113208082,40.6572527678,-0.1793207515,-0.5605648339,-0.5605648339,-0.7068057918,1.2713245860,-0.7212369663,-0.486,2.0489473684210524,0.6686105263157894,-23.60626308965792
2006-03,2006-04-30,41.7845640654,NEUTRAL,48.1792927842,41.7845640654,-0.1092424329,-0.4929261561,-0.4929261561,-1.3969839341,1.0565851836,0.3963551747,-0.4932,2.197391304347826,0.7262434782608697,24.66858152894389
2006-04,2006-05-31,36.9417568681,RESTRICTIVE,39.7125739227,36.9417568681,-0.6172455646,-0.7834945879,-0.7834945879,-2.2529306985,0.7019977898,-0.1345547619,-0.458,2.4089473684210527,0.8296736842105263,2.0481310803891484
2006-05,2006-06-30,32.0625612974,RESTRICTIVE,40.2737240241,32.0625612974,-0.5835765586,-1.0762463222,-1.0762463222,-2.2408772124,0.5713332854,0.4114840149,-0.4215,2.445909090909091,0.8665590909090909,25.195822454308093
2006-06,2006-07-31,24.0833289189,RESTRICTIVE,33.1201067511,24.0833289189,-1.0127935949,-1.5550002649,-1.5550002649,-2.3935112400,0.6360820752,-0.7387449500,-0.36,2.5295454545454543,0.8448181818181818,-23.101462117855565
2006-07,2006-08-31,27.5177684663,RESTRICTIVE,35.9837374849,27.5177684663,-0.8409757509,-1.3489338920,-1.3489338920,-2.1446769236,0.7799359613,-0.6502281493,-0.38,2.507,0.798875,-19.92975413948821
2006-08,2006-09-30,38.0880894614,RESTRICTIVE,48.8197399928,38.0880894614,-0.0708156004,-0.7147146323,-0.7147146323,-1.2474664863,1.1286953942,0.5502233226,-0.454,2.2908695652173914,0.6892434782608696,29.572471324296146
2006-09,2006-10-31,41.1552319437,NEUTRAL,47.7510991307,41.1552319437,-0.1349340522,-0.5306860834,-0.5306860834,-1.3184669339,1.2832721053,0.0261447033,-0.475,2.3195,0.6345,8.308365982945375
2006-10,2006-11-30,47.7823874842,NEUTRAL,47.7823874842,49.8269600741,-0.1330567509,-0.0103823956,-0.0103823956,-1.6112822478,1.2882734507,-0.1988358112,-0.536,2.4114285714285715,0.6239285714285714,-0.8146384258679085
2006-11,2006-12-31,48.0989531078,NEUTRAL,48.0989531078,50.4325919753,-0.1140628135,0.0259555185,0.0259555185,-1.1241275753,1.5115186030,-0.8695978004,-0.54025,2.291904761904762,0.5441,-28.126508932882665
2006-12,2007-01-31,34.3646985839,RESTRICTIVE,44.9059938268,34.3646985839,-0.3056403704,-0.9381180850,-0.9381180850,-0.9463464287,1.4860333562,-0.8241303241,-0.4274,2.2504999999999997,0.53929,-26.939036067666777
2007-01,2007-02-28,42.4157386053,NEUTRAL,52.4074479454,42.4157386053,0.1444468767,-0.4550556837,-0.4550556837,-1.5984125738,1.1561449019,1.4751108625,-0.4825,2.4366666666666665,0.6331095238095238,65.83270154157191
2007-02,2007-03-31,49.6987783575,NEUTRAL,49.6987783575,50.7499864833,-0.0180732986,0.0449991890,0.0449991890,-1.2766090497,1.2050572853,-0.0457406188,-0.5397500000000001,2.360526315789474,0.6105947368421053,5.005038629492775
2007-03,2007-04-30,39.9986606608,RESTRICTIVE,53.9887954414,39.9986606608,0.2393277265,-0.6000803604,-0.6000803604,-0.5814341740,1.4429241952,0.6959012451,-0.46580000000000005,2.1768181818181818,0.5261454545454546,34.77501092179991
2007-04,2007-05-31,36.5154595528,RESTRICTIVE,42.6678254649,36.5154595528,-0.4399304721,-0.8090724268,-0.8090724268,-0.8636976746,1.1696918210,-1.2566436081,-0.441,2.255714285714286,0.6040571428571428,-43.40140201158184
2007-05,2007-06-30,23.8807626700,RESTRICTIVE,39.2500989694,23.8807626700,-0.6449940618,-1.5671542398,-1.5671542398,-1.2759934867,0.9929692866,-0.7297978075,-0.35075,2.3736363636363635,0.6542545454545454,-22.979313286415014
2007-06,2007-07-31,16.2876631705,RESTRICTIVE,30.1388468249,16.2876631705,-1.1916691905,-2.0227402098,-2.0227402098,-2.3163379276,0.2730954246,-0.7006940493,-0.2894,2.690952380952381,0.8777285714285715,-22.236628849270666
2007-07,2007-08-31,10.7714389267,RESTRICTIVE,31.7771263364,10.7714389267,-1.0933724198,-2.3537136644,-2.3537136644,-2.0210400661,0.5446518091,-0.5433877578,-0.23625000000000002,2.6366666666666667,0.7921047619047619,-16.330102315562733
2007-08,2007-09-30,0.0000000000,RESTRICTIVE,35.5889380339,0.0000000000,-0.8646637180,-3.0000000000,-3.0000000000,-1.2977530646,0.7448472076,0.0942509851,0.46299999999999997,2.4382608695652173,0.7278608695652174,8.556001661359547
2007-09,2007-10-31,0.0000000000,RESTRICTIVE,46.6243800843,0.0000000000,-0.2025371949,-3.0000000000,-3.0000000000,-0.6632958908,0.8389662871,2.0141808239,0.63275,2.2573684210526315,0.6957684210526316,86.53605669028761
2007-10,2007-11-30,0.0000000000,RESTRICTIVE,42.5467356617,0.0000000000,-0.4471958603,-3.0000000000,-3.0000000000,-0.4667397131,0.7920973855,0.8858588864,0.31775,2.2022727272727276,0.7072409090909091,42.220434432823815
2007-11,2007-12-31,0.0000000000,RESTRICTIVE,46.6753482103,0.0000000000,-0.1994791074,-3.0000000000,-3.0000000000,1.0349213780,1.0376355617,0.1295266308,0.7592000000000001,1.768,0.62758,12.230582833822211
2007-12,2008-01-31,0.0000000000,RESTRICTIVE,38.7221527461,0.0000000000,-0.6766708352,-3.0000000000,-3.0000000000,0.9461539964,0.9436168747,-1.5964542121,1.179,1.7890000000000001,0.6524300000000001,-57.73556797020485
2008-01,2008-02-29,0.0000000000,RESTRICTIVE,55.1326984796,0.0000000000,0.3079619088,-3.0000000000,-3.0000000000,1.9810788355,1.4044481241,0.8463206755,0.9157500000000001,1.4690476190476192,0.5028095238095238,40.309989817852696
2008-02,2008-03-31,0.0000000000,RESTRICTIVE,48.3166545315,0.0000000000,-0.1010007281,-3.0000000000,-3.0000000000,2.1013725058,0.8828551917,-0.3882306099,1.1182,1.405,0.6597649999999999,-9.022727272727272
2008-03,2008-04-30,0.0000000000,RESTRICTIVE,52.9580350566,0.0000000000,0.1774821034,-3.0000000000,-3.0000000000,2.8979873115,0.8205064075,-0.0085653054,1.6705,1.091,0.67604,5.992245329573498
2008-04,2008-05-31,0.0000000000,RESTRICTIVE,44.1309337185,0.0000000000,-0.3521439769,-3.0000000000,-3.0000000000,1.9752389145,0.4390688074,-0.8228836295,1.34325,1.3622727272727273,0.7917636363636364,-26.398967908401872
2008-05,2008-06-30,8.5916395392,RESTRICTIVE,52.5227108598,8.5916395392,0.1513626516,-2.4845016276,-2.4845016276,1.6310039935,0.2060413169,1.2529069236,0.9656,1.46,0.8623047619047619,55.858106420184875
2008-06,2008-07-31,6.0593854287,RESTRICTIVE,44.4628500021,6.0593854287,-0.3322289999,-2.6364368743,-2.6364368743,1.1076164165,-0.0950145374,0.2949189958,1.121,1.6285714285714288,0.9536095238095238,18.290655138011314
2008-07,2008-08-31,3.7328784273,RESTRICTIVE,51.0370087091,3.7328784273,0.0622205225,-2.7760272944,-2.7760272944,1.2601275180,0.0308468554,1.7339350111,1.28775,1.5690909090909089,0.9157,76.65425065731814
2008-08,2008-09-30,8.1744375143,RESTRICTIVE,41.6584818340,8.1744375143,-0.5004910900,-2.5095337491,-2.5095337491,0.9288820870,0.3187372585,-0.7400499561,1.206,1.6761904761904762,0.8290095238095238,-21.862477961211734
2008-09,2008-10-31,0.0000000000,RESTRICTIVE,53.3754564764,0.0000000000,0.2025273886,-3.0000000000,-3.0000000000,0.4084168742,0.4016926801,3.0000000000,1.967,1.85,0.8034952380952382,1368.9204385718301
2008-10,2008-11-30,0.0000000000,RESTRICTIVE,39.3597736064,0.0000000000,-0.6384135836,-3.0000000000,-3.0000000000,-2.1943385794,-0.3593157551,3.0000000000,3.4286000000000003,2.752272727272727,1.0291863636363636,1518.1333333333334
2008-11,2008-12-31,0.0000000000,RESTRICTIVE,38.7099961359,0.0000000000,-0.6774002318,-3.0000000000,-3.0000000000,-2.4580737800,-0.2515271474,3.0000000000,3.81675,2.8883333333333336,0.9979722222222223,5825.446153846154
2008-12,2009-01-31,0.0000000000,RESTRICTIVE,44.8940739098,0.0000000000,-0.3063555654,-3.0000000000,-3.0000000000,-0.4440991997,1.4384623989,0.7802145392,3.8434999999999997,2.17,0.4959863636363636,711.3197255476128
2009-01,2009-02-28,0.0000000000,RESTRICTIVE,44.3987692208,0.0000000000,-0.3360738468,-3.0000000000,-3.0000000000,0.2798725028,1.2899395050,0.0858926052,3.0366,1.9120000000000001,0.533605,204.77418711962105
2009-02,2009-03-31,4.8257603866,RESTRICTIVE,44.0882470848,4.8257603866,-0.3547051749,-2.7104543768,-2.7104543768,0.7251215444,0.7344504486,-0.1679383159,2.8274999999999997,1.7521052631578946,0.6957894736842105,19.847645357441436
2009-03,2009-04-30,5.9178089839,RESTRICTIVE,45.3761670376,5.9178089839,-0.2774299777,-2.6449314610,-2.6449314610,0.8376649585,0.9001036618,-0.2025570702,2.89625,1.7090909090909092,0.6441636363636364,-6.135139374938814
2009-04,2009-05-31,17.1950283335,RESTRICTIVE,49.6839523420,17.1950283335,-0.0189628595,-1.9682983000,-1.9682983000,1.2199205573,0.8595617212,-0.1870354165,2.21725,1.5676190476190477,0.6535619047619048,4.0237466188984605
2009-05,2009-06-30,27.1891584887,RESTRICTIVE,47.6813331218,27.1891584887,-0.1391200127,-1.3686504907,-1.3686504907,0.7876971391,0.1805293813,-0.1560560806,1.5742,1.7169999999999999,0.8528800000000001,25.276828178053922
2009-06,2009-07-31,31.6873856943,RESTRICTIVE,42.8119796040,31.6873856943,-0.4312812238,-1.0987568583,-1.0987568583,0.3718020825,-0.7893724891,-0.2087976301,1.28725,1.8622727272727273,1.1385772727272727,-12.987084792022173
2009-07,2009-08-31,36.2160998809,RESTRICTIVE,46.0359919241,36.2160998809,-0.2378404846,-0.8270340071,-0.8270340071,0.4811005769,-0.4057226794,-0.1997058286,0.9911999999999999,1.8227272727272728,1.0273999999999999,-7.563703795935095
2009-08,2009-09-30,41.5027451139,NEUTRAL,47.5215988455,41.5027451139,-0.1487040693,-0.5098352932,-0.5098352932,0.6162964580,-0.5095393991,-0.1917380428,0.64,1.7738095238095237,1.0585761904761906,-2.9055363477374696
2009-09,2009-10-31,44.2280723852,NEUTRAL,51.4944064560,44.2280723852,0.0896643874,-0.3463156569,-0.3463156569,0.9846459747,-0.1413637749,-0.1383089934,0.46,1.6419047619047618,0.9523,33.49348837612318
2009-10,2009-11-30,45.5988612783,NEUTRAL,54.0087312733,45.5988612783,0.2405238764,-0.2640683233,-0.2640683233,1.4155145957,-0.0641144125,-0.1252363543,0.3704,1.4833333333333332,0.9301714285714285,41.94293396524982
2009-11,2009-12-31,46.9347129750,NEUTRAL,56.7131551891,46.9347129750,0.4027893113,-0.1839172215,-0.1839172215,1.9528247025,-0.0265415924,-0.1312086432,0.28300000000000003,1.2752631578947369,0.919457894736842,37.286425000890524
2009-12,2010-01-31,48.9803529634,NEUTRAL,54.9877361043,48.9803529634,0.2992641663,-0.0611788222,-0.0611788222,1.6627964439,-0.2422024222,-0.1623585344,0.1485,1.3645454545454545,0.981240909090909,15.400143447344771
2010-01,2010-02-28,51.4354893516,NEUTRAL,53.9982583040,51.4354893516,0.2398954982,0.0861293611,0.0861293611,1.5998183131,-0.5449836670,-0.1813820142,-0.013000000000000001,1.3747368421052633,1.0680631578947368,1.7668498900843765
2010-02,2010-03-31,51.5462564214,NEUTRAL,54.1450026414,51.5462564214,0.2487001585,0.0927753853,0.0927753853,1.4509022693,-0.3751228088,-0.1737542119,-0.02075,1.4189473684210527,1.0207368421052632,6.171469591088363
2010-03,2010-04-30,53.7270198542,NEUTRAL,53.7270198542,54.4183823944,0.2236211913,0.2651029437,0.2651029437,1.1892472535,-0.3860672131,-0.1737982191,-0.20875,1.5082608695652173,1.0244478260869565,5.431704346994626
2010-04,2010-05-31,53.3847075420,NEUTRAL,53.3847075420,56.8337311409,0.2030824525,0.4100238685,0.4100238685,1.1925872246,-0.6024358649,-0.1878454181,-0.3674,1.500909090909091,1.0861545454545454,-4.6607909972794515
2010-05,2010-06-30,51.6511654685,NEUTRAL,57.3648045755,51.6511654685,0.4418882745,0.0990699281,0.0990699281,1.6839066540,0.1818556472,-0.1972791311,-0.034499999999999996,1.307,0.867125,-11.67956585100811
2010-06,2010-07-31,49.7196116991,NEUTRAL,58.9550090253,49.7196116991,0.5373005415,-0.0168232981,-0.0168232981,1.7767881116,0.5786183344,-0.1893809818,0.08925,1.2568181818181818,0.7559227272727272,-7.228640349824255
2010-07,2010-08-31,52.5144105907,NEUTRAL,61.7796418506,52.5144105907,0.7067785110,0.1508646354,0.1508646354,1.7770219312,1.0776449653,-0.1784174878,-0.0896,1.2409523809523808,0.6146666666666667,-0.7459114933993205
2010-08,2010-09-30,53.8495655185,NEUTRAL,66.9178262130,53.8495655185,1.0150695728,0.2309739311,0.2309739311,2.2734927274,1.7369993891,-0.1811877565,-0.1755,1.0218181818181817,0.42250454545454547,-3.2279456456675293
2010-09,2010-10-31,54.5233999740,NEUTRAL,68.1449172994,54.5233999740,1.0886950380,0.2714039984,0.2714039984,2.4639523692,1.8017201354,-0.1822963512,-0.2195,0.909047619047619,0.39389047619047624,-4.619314152082654
2010-10,2010-11-30,56.3839960112,NEUTRAL,72.0281122933,56.3839960112,1.3216867376,0.3830397607,0.3830397607,3.0000000000,2.0840501397,-0.1803429500,-0.3386,0.525,0.298595,-4.019540402537647
2010-11,2010-12-31,57.4468351838,NEUTRAL,69.6729382585,57.4468351838,1.1803762955,0.4468101110,0.4468101110,2.7445226147,1.7089079211,-0.1787354648,-0.40775,0.666,0.397195,-3.630979555308178
2010-12,2011-01-31,58.4597246008,NEUTRAL,61.3854742566,58.4597246008,0.6831284554,0.5075834760,0.5075834760,1.8380429970,0.5539560506,-0.1670687020,-0.47400000000000003,1.044090909090909,0.7313636363636363,3.2060435115953467
2011-01,2011-02-28,60.0858181830,SUPPORTIVE,60.7901616960,60.0858181830,0.6474097018,0.6051490910,0.6051490910,1.7625282594,0.3814407211,-0.1594792644,-0.579,1.0605,0.78068,7.4605813761081885
2011-02,2011-03-31,57.5170762135,NEUTRAL,57.5170762135,60.7104315698,0.4510245728,0.6426258942,0.6426258942,1.3474585434,-0.0553663652,-0.1306197811,-0.622,1.2378947368421052,0.9066052631578948,25.19423928222453
2011-03,2011-04-30,58.9626177379,NEUTRAL,60.7112724287,58.9626177379,0.6426763457,0.5377570643,0.5377570643,1.9089232878,0.2285403136,-0.1045152827,-0.51725,0.9639130434782609,0.8248652173913044,41.204024188750935
2011-04,2011-05-31,59.7761286883,NEUTRAL,60.9639589899,59.7761286883,0.6578375394,0.5865677213,0.5865677213,2.0715565356,0.0847139079,-0.1114880072,-0.571,0.8634999999999999,0.8658300000000001,36.49641807298543
2011-05,2011-06-30,59.9398668256,NEUTRAL,63.9529093592,59.9398668256,0.8371745616,0.5963920095,0.5963920095,2.1886632299,0.6943804625,-0.1307374558,-0.58475,0.7785714285714287,0.6911857142857143,24.139780656608224
2011-06,2011-07-31,58.9741481931,NEUTRAL,65.4552357905,58.9741481931,0.9273141474,0.5384488916,0.5384488916,2.1737248816,1.1475074424,-0.1504246258,-0.52875,0.7554545454545455,0.5592909090909091,11.513896176698335
2011-07,2011-08-31,58.1509295534,NEUTRAL,65.9727865844,58.1509295534,0.9583671951,0.4890557732,0.4890557732,2.3670776071,1.1257043653,-0.1483689654,-0.4812,0.6235,0.5622849999999999,12.311646407307908
2011-08,2011-09-30,52.8016487349,NEUTRAL,72.3736454827,52.8016487349,1.3424187290,0.1680989241,0.1680989241,3.0000000000,2.3651001289,-0.1635241371,-0.1565,0.13521739130434782,0.18979565217391306,2.544661067156584
2011-09,2011-10-31,49.5536737848,NEUTRAL,73.1895109976,49.5536737848,1.3913706599,-0.0267795729,-0.0267795729,3.0000000000,2.7632257670,-0.1709635547,0.0404,0.07761904761904763,0.04284761904761905,-2.5026649749331553
2011-10,2011-11-30,50.3379463983,NEUTRAL,70.8822179410,50.3379463983,1.2529330765,0.0202767839,0.0202767839,2.7876111579,2.3782353717,-0.1743910076,-0.007000000000000003,0.186,0.13705,-5.103871499824219
2011-11,2011-12-31,50.6349022852,NEUTRAL,72.4925700161,50.6349022852,1.3495542010,0.0380941371,0.0380941371,2.9704890524,2.5640885956,-0.1744549812,-0.024999999999999998,0.0015000000000000002,0.054135,-5.661910036706419
2011-12,2012-01-31,50.3858689901,NEUTRAL,72.0727569944,50.3858689901,1.3243654197,0.0231521394,0.0231521394,2.8927810452,2.5502291894,-0.1687006953,-0.010199999999999999,-0.03142857142857143,0.03229047619047619,-2.705858253514548
2012-01,2012-02-29,53.3686349506,NEUTRAL,72.8920911541,53.3686349506,1.3735254692,0.2021180970,0.2021180970,2.8874083219,2.5720634412,-0.1674879831,-0.1855,-0.10800000000000001,0.0091,-2.4657642555682258
2012-02,2012-03-31,56.1150832506,NEUTRAL,74.0600374673,56.1150832506,1.4436022480,0.3669049950,0.3669049950,2.9782936931,2.5821065079,-0.1528962039,-0.3475,-0.2545,-0.013485,5.770436331607032
2012-03,2012-04-30,57.2599687929,NEUTRAL,71.5543143381,57.2599687929,1.2932588603,0.4355981276,0.4355981276,2.6975597442,2.2026176482,-0.1627400789,-0.4152,-0.14136363636363636,0.10551818181818183,-0.5082342818591545
2012-04,2012-05-31,56.9707861130,NEUTRAL,72.2924433211,56.9707861130,1.3375465993,0.4182471668,0.4182471668,2.6999845430,2.3920265578,-0.1600718706,-0.39725,-0.2138095238095238,0.03772857142857143,0.6203396079877299
2012-05,2012-06-30,55.2325493722,NEUTRAL,73.5859634123,55.2325493722,1.4151578047,0.3139529623,0.3139529623,2.7719864484,2.7440506695,-0.1693588613,-0.291,-0.34136363636363637,-0.09000909090909091,-5.286895670739633
2012-06,2012-07-31,53.9180129382,NEUTRAL,74.3824361247,53.9180129382,1.4629461675,0.2350807763,0.2350807763,2.8717169115,2.9118250183,-0.1668380362,-0.2096,-0.5004761904761905,-0.17118571428571427,-4.26556896309992
2012-07,2012-08-31,55.9058550954,NEUTRAL,75.2253888975,55.9058550954,1.5135233339,0.3543513057,0.3543513057,2.8850955960,2.9720425560,-0.1573961224,-0.326,-0.6019047619047619,-0.22776190476190478,0.803438294886405
2012-08,2012-09-30,57.4663927787,NEUTRAL,73.6555560849,57.4663927787,1.4193333651,0.4479835667,0.4479835667,2.7556040471,2.6341412799,-0.1603954334,-0.41859999999999997,-0.5856521739130435,-0.14846521739130433,-1.352213853740536
2012-09,2012-10-31,59.1069756132,NEUTRAL,73.8832552083,59.1069756132,1.4329953125,0.5464185368,0.5464185368,2.8055690506,2.5416329014,-0.1616392388,-0.518,-0.7131578947368421,-0.14943684210526317,-2.4870126626111766
2012-10,2012-11-30,60.3097640674,SUPPORTIVE,73.4354307703,60.3097640674,1.4061258462,0.6185858440,0.6185858440,2.7444612227,2.4244482311,-0.1629919130,-0.5925,-0.7485714285714286,-0.1380142857142857,-3.6794691076576846
2012-11,2012-12-31,60.1113916662,SUPPORTIVE,73.2138794239,60.1113916662,1.3928327654,0.6066835000,0.6066835000,2.6764256052,2.4460022641,-0.1577803075,-0.5828,-0.7725,-0.175315,-1.099767891863035
2012-12,2013-01-31,60.4948355382,SUPPORTIVE,72.2948871560,60.4948355382,1.3376932294,0.6296901323,0.6296901323,2.5730592061,2.2935407336,-0.1455171546,-0.608,-0.7575000000000001,-0.14553,5.515653839945545
2013-01,2013-02-28,61.1330534086,SUPPORTIVE,70.1684503025,61.1330534086,1.2101070182,0.6679832045,0.6679832045,2.3287422994,1.9820215154,-0.1383189467,-0.6485000000000001,-0.6085714285714287,-0.04867619047619048,9.25566810803431
2013-02,2013-03-31,61.2463209504,SUPPORTIVE,69.1665779754,61.2463209504,1.1499946785,0.6747792570,0.6747792570,2.2181371458,1.8376404098,-0.1305780985,-0.6575,-0.5705263157894737,-0.010978947368421053,13.308498144091207
2013-03,2013-04-30,62.2363362984,SUPPORTIVE,69.2285158677,62.2363362984,1.1537109521,0.7341801779,0.7341801779,2.1694141031,1.8341914939,-0.1229419666,-0.7188,-0.585,-0.026495,18.150333692056165
2013-04,2013-05-31,63.2145436469,SUPPORTIVE,70.2801222290,63.2145436469,1.2168073337,0.7928726188,0.7928726188,2.1778674117,2.0299676976,-0.1334783931,-0.7785,-0.6522727272727272,-0.12271363636363636,11.354588505645747
2013-05,2013-06-30,63.7090749189,SUPPORTIVE,67.8371885649,63.7090749189,1.0702313139,0.8225444951,0.8225444951,1.8195744819,1.7600771447,-0.1212708661,-0.8089999999999999,-0.35500000000000004,-0.03299090909090909,17.562362936968224
2013-06,2013-07-31,61.7042304405,SUPPORTIVE,62.1063488485,61.7042304405,0.7263809309,0.7022538264,0.7022538264,1.1668763008,1.1668610261,-0.1304674296,-0.68925,0.2515,0.195125,11.562068466630526
2013-07,2013-08-31,59.4290972950,NEUTRAL,59.4290972950,61.7469291478,0.5657458377,0.7048157489,0.7048157489,0.9347081918,0.7423112715,-0.1188518613,-0.692,0.45999999999999996,0.3588772727272727,18.50260873582741
2013-08,2013-09-30,58.1069294967,NEUTRAL,58.1069294967,62.4827359165,0.4864157698,0.7489641550,0.7489641550,0.8242374396,0.5029153331,-0.1304538485,-0.7372,0.5527272727272727,0.4489318181818182,12.29188561034762
2013-09,2013-10-31,56.9769899925,NEUTRAL,56.9769899925,62.4619438933,0.4186193995,0.7477166336,0.7477166336,0.6961896982,0.3569483098,-0.1263770434,-0.73725,0.6639999999999999,0.501565,14.979104369159835
2013-10,2013-11-30,59.4227014808,NEUTRAL,59.4227014808,63.0363843512,0.5653620888,0.7821830611,0.7821830611,0.9258615809,0.6835197081,-0.1301159947,-0.773,0.42863636363636365,0.36906818181818185,12.550115524464367
2013-11,2013-12-31,58.7157989507,NEUTRAL,58.7157989507,64.1302152096,0.5229479370,0.8478129126,0.8478129126,0.7890229466,0.5880099230,-0.1330540340,-0.8405999999999999,0.5478947368421053,0.4011105263157895,10.992399935027564
2013-12,2014-01-31,56.6671983039,NEUTRAL,56.6671983039,64.6311925093,0.4000318982,0.8778715506,0.8778715506,0.5805246099,0.2789510513,-0.1372196188,-0.87375,0.7385714285714285,0.5150380952380952,8.582100523873626
2014-01,2014-02-28,56.8452265356,NEUTRAL,56.8452265356,64.6280978098,0.4107135921,0.8776858686,0.8776858686,0.6802940368,0.2311281995,-0.1462537364,-0.8764,0.6319047619047619,0.5288380952380953,3.8880093627946755
2014-02,2014-03-31,58.0928399675,NEUTRAL,58.0928399675,64.6912160020,0.4855703981,0.8814729601,0.8814729601,0.7517293675,0.4530488700,-0.1439696054,-0.88225,0.5521052631578948,0.4405842105263158,5.396214100539765
2014-03,2014-04-30,57.6153543697,NEUTRAL,57.6153543697,64.5006900815,0.4569212622,0.8700414049,0.8700414049,0.7385387260,0.3622486552,-0.1431437374,-0.8725,0.5557142857142857,0.47112857142857145,5.580976131244819
2014-04,2014-05-31,57.2109482103,NEUTRAL,57.2109482103,63.9169927086,0.4326568926,0.8350195625,0.8350195625,0.7397543860,0.3012906490,-0.1454370271,-0.839,0.5428571428571429,0.489,3.5812984926155034
2014-05,2014-06-30,58.6959178556,NEUTRAL,58.6959178556,63.7077850494,0.5217550713,0.8224671030,0.8224671030,0.9055055684,0.5078861041,-0.1488384901,-0.829,0.3680952380952381,0.4079,1.1270057517640986
2014-06,2014-07-31,58.3567190899,NEUTRAL,58.3567190899,64.2140157436,0.5014031454,0.8528409446,0.8528409446,0.8890182345,0.4127069550,-0.1489535525,-0.86275,0.36952380952380953,0.4373904761904762,1.0744048108958015
2014-07,2014-08-31,58.6448986435,NEUTRAL,58.6448986435,63.4908418887,0.5186939186,0.8094505133,0.8094505133,0.9660683472,0.4371319805,-0.1378751665,-0.82175,0.27954545454545454,0.42405000000000004,7.648678747521487
2014-08,2014-09-30,59.2136365724,NEUTRAL,59.2136365724,62.9815998775,0.5528181943,0.7788959927,0.7788959927,1.0071823597,0.5671088840,-0.1419144590,-0.7928000000000001,0.22380952380952382,0.37417142857142854,5.689755701261112
2014-09,2014-10-31,57.1708321676,NEUTRAL,57.1708321676,62.8048704734,0.4302499301,0.7682922284,0.7682922284,0.7504787827,0.3480799305,-0.1458512214,-0.784,0.46095238095238095,0.4463857142857143,3.4949397853200947
2014-10,2014-11-30,58.6108410121,NEUTRAL,58.6108410121,61.8044468645,0.5166504607,0.7082668119,0.7082668119,0.8169191617,0.7046582949,-0.1632424256,-0.7252,0.38409090909090904,0.31891363636363634,-6.379307398636669
2014-11,2014-12-31,58.0828374249,NEUTRAL,58.0828374249,62.2928300542,0.4849702455,0.7375698033,0.7375698033,0.7422041644,0.6304476947,-0.1703406804,-0.7565,0.44555555555555554,0.3402666666666667,-10.516072799926878
2014-12,2015-01-31,58.0848915309,NEUTRAL,58.0848915309,61.1889310866,0.4850934919,0.6713358652,0.6713358652,0.6650727485,0.7663510400,-0.1623856863,-0.69025,0.5104545454545455,0.2889909090909091,-5.77461593073213
2015-01,2015-02-28,59.7033775649,NEUTRAL,60.6680152873,59.7033775649,0.6400809172,0.5822026539,0.5822026539,0.8933025136,1.2345769456,-0.1497584441,-0.5997999999999999,0.2745,0.12114,1.3439759313318866
2015-02,2015-03-31,59.3184286724,NEUTRAL,59.7909749081,59.3184286724,0.5874584945,0.5591057203,0.5591057203,0.8943669236,1.0597416973,-0.1633803632,-0.57575,0.26,0.17510526315789474,-6.338480173926053
2015-03,2015-04-30,59.3565092615,NEUTRAL,59.3565092615,59.4971866563,0.5613905557,0.5698311994,0.5698311994,0.8590810217,0.9591761793,-0.1425261776,-0.58675,0.2809090909090909,0.20422727272727273,5.120546034152773
2015-04,2015-05-31,59.5334743331,NEUTRAL,60.9834733489,59.5334743331,0.6590084009,0.5720084600,0.5720084600,1.0503789587,1.1697841079,-0.1561379229,-0.58975,0.07681818181818183,0.12494090909090909,-2.6781201679603406
2015-05,2015-06-30,58.0903103895,NEUTRAL,58.0903103895,59.3378356225,0.4854186234,0.5602701374,0.5602701374,0.7783290037,0.7404137339,-0.1373383815,-0.5786,0.33199999999999996,0.26869,7.807251553588435
2015-06,2015-07-31,56.1406588318,NEUTRAL,56.1406588318,59.3167638989,0.3684395299,0.5590058339,0.5590058339,0.5997639677,0.4779450846,-0.1629567667,-0.5782499999999999,0.4977272727272728,0.35670454545454544,-6.51375309564266
2015-07,2015-08-31,56.3315926364,NEUTRAL,56.3315926364,58.6956434213,0.3798955582,0.5217386053,0.5217386053,0.5828671425,0.5646476277,-0.1496711428,-0.5412000000000001,0.5036363636363637,0.32376363636363636,1.1901177317864997
2015-08,2015-09-30,56.9000212992,NEUTRAL,56.9000212992,57.5366409337,0.4140012779,0.4521984560,0.4521984560,0.5194317143,0.8239075627,-0.1395326212,-0.471,0.5557142857142857,0.23001904761904762,6.829122774456331
2015-09,2015-10-31,56.1247405737,NEUTRAL,56.1247405737,56.6887815014,0.3674844344,0.4013268901,0.4013268901,0.4147654164,0.8061961291,-0.1523506979,-0.42,0.65,0.23213333333333336,-0.6324486508447191
2015-10,2015-11-30,57.2194818387,NEUTRAL,57.2194818387,57.4209543781,0.4331689103,0.4452572627,0.4452572627,0.4845241181,0.9519508133,-0.1490565528,-0.465,0.5714285714285714,0.17631904761904763,1.2617320583423464
2015-11,2015-12-31,55.3762203062,NEUTRAL,55.3762203062,57.6575958498,0.3225732184,0.4594557510,0.4594557510,0.3501832891,0.6409317637,-0.1602779303,-0.47925,0.6926315789473684,0.28039473684210525,-4.796261057855777
2015-12,2016-01-31,55.1260663885,NEUTRAL,55.1260663885,55.9521532133,0.3075639833,0.3571291928,0.3571291928,0.3036452426,0.7363750134,-0.1668935156,-0.37525,0.7277272727272728,0.24322272727272728,-8.275792947678518
2016-01,2016-02-29,54.8140067270,NEUTRAL,56.1249634285,54.8140067270,0.3674978057,0.2888404036,0.2888404036,0.3579903215,0.9927871141,-0.1696266163,-0.305,0.6652631578947369,0.1490578947368421,-9.858294309272242
2016-02,2016-03-31,54.7068812641,NEUTRAL,58.9496294742,54.7068812641,0.5369777685,0.2824128758,0.2824128758,0.5467366436,1.4803305315,-0.1615689771,-0.29674999999999996,0.472,-0.030940000000000002,-5.1755398635969225
2016-03,2016-04-30,55.5861433905,NEUTRAL,58.8673872281,55.5861433905,0.5320432337,0.3351686034,0.3351686034,0.6739571730,1.2632032900,-0.1441561317,-0.34875,0.3372727272727273,0.03745909090909091,4.430412953373053
2016-04,2016-05-31,55.4372949506,NEUTRAL,59.8323699615,55.4372949506,0.5899421977,0.3262376970,0.3262376970,0.8135024888,1.3736348017,-0.1536061969,-0.3386,0.19047619047619047,-0.010442857142857143,-0.9013453813249472
2016-05,2016-06-30,55.2931687678,NEUTRAL,59.4797589740,55.2931687678,0.5687855384,0.3175901261,0.3175901261,0.7773871693,1.3382671089,-0.1581022505,-0.329,0.2119047619047619,-0.006352380952380952,-3.6716919029752937
2016-06,2016-07-31,54.8565359054,NEUTRAL,60.3654892647,54.8565359054,0.6219293559,0.2913921543,0.2913921543,0.8041140819,1.5552753334,-0.1630641462,-0.302,0.1740909090909091,-0.09436363636363637,-6.314230467564375
2016-07,2016-08-31,54.6688006410,NEUTRAL,61.6634281497,54.6688006410,0.6998056890,0.2801280385,0.2801280385,0.9351842656,1.7399121662,-0.1560017143,-0.28979999999999995,0.0385,-0.17414000000000002,-2.1965682149208243
2016-08,2016-09-30,54.6560528619,NEUTRAL,60.9052372015,54.6560528619,0.6543142321,0.2793631717,0.2793631717,0.8671095083,1.6220164792,-0.1512322308,-0.2875,0.08826086956521738,-0.14408260869565218,0.23249363246971022
2016-09,2016-10-31,53.6939697520,NEUTRAL,59.8991829323,53.6939697520,0.5939509759,0.2216381851,0.2216381851,0.8234248538,1.4920069050,-0.1612660402,-0.227,0.11571428571428573,-0.10748095238095237,-5.520080271447969
2016-10,2016-11-30,54.3096601270,NEUTRAL,59.2618809593,54.3096601270,0.5557128576,0.2585796076,0.2585796076,0.8298899452,1.3056311718,-0.1712492943,-0.26175,0.0975,-0.047635,-11.215508301435651
2016-11,2016-12-31,56.1351652163,NEUTRAL,56.4665395750,56.1351652163,0.3879923745,0.3681099130,0.3681099130,0.5712469226,0.7825398124,-0.1699271500,-0.3705,0.32,0.14154,-10.319937039128124
2016-12,2017-01-31,53.2517531383,NEUTRAL,53.2517531383,56.9521100427,0.1951051883,0.4171266026,0.4171266026,0.2950642734,0.2350354064,-0.1668055291,-0.41979999999999995,0.5561904761904761,0.34254285714285715,-8.407809017014788
2017-01,2017-02-28,54.2950098465,NEUTRAL,54.2950098465,56.9656531583,0.2577005908,0.4179391895,0.4179391895,0.4342563193,0.3247460273,-0.1461391729,-0.42,0.421,0.306725,2.663681258528028
2017-02,2017-03-31,54.5244743527,NEUTRAL,54.5244743527,57.2150019823,0.2714684612,0.4329001189,0.4329001189,0.4451872351,0.3466072457,-0.1388207551,-0.434,0.39999999999999997,0.2960894736842105,6.788719711697144
2017-03,2017-04-30,54.3021995539,NEUTRAL,54.3021995539,57.5153287241,0.2581319732,0.4509197234,0.4509197234,0.3333123928,0.3664560576,-0.1181602809,-0.45200000000000007,0.4856521739130435,0.28672608695652174,18.251829013779375
2017-04,2017-05-31,56.0746185743,NEUTRAL,56.0746185743,57.8003268138,0.3644771145,0.4680196088,0.4680196088,0.4308849834,0.7001033220,-0.1410994564,-0.46950000000000003,0.3910526315789474,0.15942105263157894,5.789944422316684
2017-05,2017-06-30,55.8821545406,NEUTRAL,55.8821545406,58.3949947445,0.3529292724,0.5036996847,0.5036996847,0.3273862168,0.7337635999,-0.1531324117,-0.507,0.4668181818181818,0.14254999999999998,-0.7768570384748319
2017-06,2017-07-31,56.8617348381,NEUTRAL,56.8617348381,58.9348973164,0.4117040903,0.5360938390,0.5360938390,0.3228139642,0.9511766191,-0.1632680612,-0.5422,0.4581818181818182,0.0562,-6.331498718888218
2017-07,2017-08-31,55.8840500700,NEUTRAL,55.8840500700,59.5751331214,0.3530430042,0.5745079873,0.5745079873,0.1980731957,0.7885555635,-0.1489647297,-0.5845,0.546,0.11113500000000001,1.8545439766399996
2017-08,2017-09-30,56.8271545753,NEUTRAL,56.8271545753,59.0267786846,0.4096292745,0.5416067211,0.5416067211,0.3251344728,0.9125535663,-0.1407776621,-0.56,0.43347826086956526,0.05980869565217391,6.4330301922734145
2017-09,2017-10-31,56.9758992768,NEUTRAL,56.9758992768,58.3084444337,0.4185539566,0.4985066660,0.4985066660,0.3955754535,0.9269909615,-0.1468572546,-0.5258,0.368,0.04881,2.310354170770257
2017-10,2017-11-30,55.3987276697,NEUTRAL,55.3987276697,58.8977008975,0.3239236602,0.5338620539,0.5338620539,0.2106552687,0.7043559394,-0.1531786212,-0.56925,0.49809523809523815,0.12635238095238094,-1.6106973491218146
2017-11,2017-12-31,55.6522552961,NEUTRAL,55.6522552961,59.4181831160,0.3391353178,0.5650909870,0.5650909870,0.2015546606,0.7452213798,-0.1553257563,-0.6114999999999999,0.4957142857142857,0.1068095238095238,-2.9456394589067014
2017-12,2018-01-31,55.2740785773,NEUTRAL,55.2740785773,59.3037695094,0.3164447146,0.5582261706,0.5582261706,0.1791763275,0.6802400229,-0.1518636624,-0.6168,0.503,0.126465,-0.5099631266470173
2018-01,2018-02-28,54.1660564265,NEUTRAL,54.1660564265,59.3666257212,0.2499633856,0.5619975433,0.5619975433,0.1192456669,0.4721207753,-0.1535104431,-0.632,0.54,0.20057142857142857,-1.7916671123328287
2018-02,2018-03-31,51.1984111340,NEUTRAL,51.1984111340,58.1566405376,0.0719046680,0.4893984323,0.4893984323,-0.1847446239,0.1381881028,-0.1552232390,-0.571,0.7573684210526316,0.321,-2.6993827604313014
2018-03,2018-04-30,51.2032642965,NEUTRAL,51.2032642965,56.8101249181,0.0721958578,0.4086074951,0.4086074951,-0.1814267332,0.2189942938,-0.1573916245,-0.5035999999999999,0.7519047619047619,0.2882619047619047,-4.002134980751104
2018-04,2018-05-31,51.1041541114,NEUTRAL,51.1041541114,56.5696327264,0.0662492467,0.3941779636,0.3941779636,-0.1749059080,0.2084944095,-0.1627694783,-0.5015000000000001,0.7414285714285714,0.28833333333333333,-6.85414520586487
2018-05,2018-06-30,50.1300291231,NEUTRAL,50.1300291231,57.3461836487,0.0078017474,0.4407710189,0.4407710189,-0.3136330735,0.0706531115,-0.1665840673,-0.55775,0.8359090909090909,0.33442727272727274,-9.550876039601475
2018-06,2018-07-31,50.6762378870,NEUTRAL,50.6762378870,56.9667164391,0.0405742732,0.4180029863,0.4180029863,-0.2685272900,0.1765292143,-0.1637078178,-0.547,0.7947619047619048,0.2913,-8.16127791282063
2018-07,2018-08-31,50.9953034383,NEUTRAL,50.9953034383,56.9419507872,0.0597182063,0.4165170472,0.4165170472,-0.2517414494,0.2311921409,-0.1570949135,-0.5575,0.7747619047619048,0.26717142857142856,-5.138434855475282
2018-08,2018-09-30,51.2358416708,NEUTRAL,51.2358416708,57.7806385834,0.0741505002,0.4668383150,0.4668383150,-0.2861892728,0.2760979021,-0.1601449433,-0.6174,0.79,0.24713913043478258,-6.721705061343841
2018-09,2018-10-31,50.2429687219,NEUTRAL,50.2429687219,57.9339677025,0.0145781233,0.4760380621,0.4760380621,-0.4321978782,0.1553180240,-0.1408457146,-0.6385000000000001,0.8810526315789474,0.28568421052631576,-5.582459616858005
2018-10,2018-11-30,48.3326442497,NEUTRAL,48.3326442497,57.3530494089,-0.1000413450,0.4411829645,0.4411829645,-0.7103665117,-0.0062211513,-0.1247606816,-0.613,1.040909090909091,0.33627727272727276,-7.440069148316053
2018-11,2018-12-31,47.1270495195,NEUTRAL,47.1270495195,56.1373316894,-0.1723770288,0.3682399014,0.3682399014,-0.8834460129,0.0937096045,-0.2680116082,-0.5556,1.113,0.296625,-7.710767525653905
2018-12,2019-01-31,47.4864972711,NEUTRAL,47.4864972711,53.8642483132,-0.1508101637,0.2318548988,0.2318548988,-0.7658772552,0.5738824498,-0.6431007483,-0.462,1.016315789473684,0.13123157894736842,-9.346630286493863
2019-01,2019-02-28,47.0521976922,NEUTRAL,47.0521976922,55.0399643769,-0.1768681385,0.3023978626,0.3023978626,-0.6360330892,0.7875024998,-1.1613398271,-0.51875,0.92,0.054747619047619045,-10.249010682190951
2019-02,2019-03-31,50.3575912213,NEUTRAL,50.3575912213,57.4003303564,0.0214554733,0.4440198214,0.4440198214,-0.4583651898,0.8321184684,-0.7319512069,-0.60325,0.7994736842105263,0.03477368421052631,-5.631294003021869
2019-03,2019-04-30,53.6928583630,NEUTRAL,53.6928583630,59.6126477413,0.2215715018,0.5767588645,0.5767588645,-0.2407225395,0.9872976252,-0.4370479430,-0.6548,0.6580952380952381,-0.02322857142857143,-2.3441163528316156
2019-04,2019-05-31,52.8707446018,NEUTRAL,52.8707446018,60.9950686705,0.1722446761,0.6597041202,0.6597041202,-0.1505408123,1.0233798481,-0.8435644516,-0.67325,0.5957142857142858,-0.041223809523809524,-6.9308375254012455
2019-05,2019-06-30,54.1783932301,NEUTRAL,54.1783932301,61.0249750969,0.2507035938,0.6614985058,0.6614985058,-0.1226437442,1.1980572477,-0.7340976342,-0.6634,0.5686363636363636,-0.10613636363636364,-5.853359744019504
2019-06,2019-07-31,56.5173671947,NEUTRAL,56.5173671947,60.3215471192,0.3910420317,0.6192928272,0.6192928272,0.2018065614,1.6142901691,-0.8712214309,-0.64175,0.374,-0.24891999999999997,-7.245657660012251
2019-07,2019-08-31,60.3555325561,SUPPORTIVE,60.3555325561,60.5567307858,0.6213319534,0.6334038472,0.6334038472,0.3080841731,1.5720661033,-0.0282263101,-0.6415,0.3063636363636364,-0.23975,1.9325375474116946
2019-08,2019-09-30,57.3282086039,NEUTRAL,61.8643295134,57.3282086039,0.7118597708,0.4396925162,0.4396925162,0.7892139693,2.1034183419,-0.4848857442,-0.5888,0.04,-0.4218318181818182,-2.9799101579518705
2019-09,2019-10-31,56.0661415412,NEUTRAL,58.6839006162,56.0661415412,0.5210340370,0.3639684925,0.3639684925,0.6411410986,1.9298436408,-0.8508170840,-0.5722499999999999,0.1125,-0.37432,-6.949121341470299
2019-10,2019-11-30,55.3457449466,NEUTRAL,58.9652316795,55.3457449466,0.5379139008,0.3207446968,0.3207446968,0.5643379572,1.7628172949,-0.4962443458,-0.56525,0.1459090909090909,-0.32750454545454544,-3.311843484913557
2019-11,2019-12-31,59.1626163517,NEUTRAL,60.7804328383,59.1626163517,0.6468259703,0.5497569811,0.5497569811,0.5015090669,1.4659041869,0.0701336463,-0.6216,0.17157894736842105,-0.23682631578947366,1.8694451116982869
2019-12,2020-01-31,55.5165766121,NEUTRAL,66.8945439763,55.5165766121,1.0136726386,0.3309945967,0.3309945967,0.5414926187,1.3649212470,1.8172820919,-0.5752499999999999,0.14476190476190476,-0.20764285714285716,17.98037525416538
2020-01,2020-02-29,59.4899422071,NEUTRAL,65.3623568857,59.4899422071,0.9217414131,0.5693965324,0.5693965324,0.7449023830,1.5461177189,0.8265490182,-0.6304000000000001,0.03666666666666667,-0.26535238095238095,8.939800579900826
2020-02,2020-03-31,57.4796607540,NEUTRAL,66.7970753512,57.4796607540,1.0078245211,0.4487796452,0.4487796452,1.0329161506,1.9838969862,0.5657053022,-0.6072500000000001,-0.11157894736842106,-0.40367368421052635,6.535153995848564
2020-03,2020-04-30,1.3363042314,RESTRICTIVE,63.7955307545,1.3363042314,0.8277318453,-2.9198217461,-2.9198217461,1.0343424535,2.1964066737,3.0000000000,0.125,-0.11681818181818181,-0.47294545454545456,32.38908256841857
2020-04,2020-05-31,0.0000000000,RESTRICTIVE,67.4021810848,0.0000000000,1.0441308651,-3.0000000000,-3.0000000000,1.7063429418,2.4701805186,3.0000000000,0.35175,-0.4457142857142857,-0.559052380952381,95.45009657609592
2020-05,2020-06-30,20.7795763579,RESTRICTIVE,72.4745447502,20.7795763579,1.3484726850,-1.7532254185,-1.7532254185,1.6751568064,2.4719593522,3.0000000000,-0.1016,-0.4415,-0.573475,100.93490868869925
2020-06,2020-07-31,43.8765338914,NEUTRAL,74.0571406331,43.8765338914,1.4434284380,-0.3674079665,-0.3674079665,1.8640212878,2.3937770478,1.8833233828,-0.4265,-0.5445454545454546,-0.5665818181818182,33.46112042637968
2020-07,2020-08-31,46.9010361918,NEUTRAL,64.2086200981,46.9010361918,0.8525172059,-0.1859378285,-0.1859378285,2.4171241008,2.4791720604,-1.3002895092,-0.4708,-0.8327272727272728,-0.6144318181818181,-17.215750352469115
2020-08,2020-09-30,51.5922213954,NEUTRAL,67.0565695140,51.5922213954,1.0233941708,0.0955332837,0.0955332837,2.6972167579,2.3793554344,-1.0785287926,-0.5355000000000001,-1.0114285714285716,-0.6078047619047618,-13.84118937231652
2020-09,2020-10-31,58.3529233812,NEUTRAL,70.5486579906,58.3529233812,1.2329194794,0.5011754029,0.5011754029,2.5389807429,2.2764814643,-0.3849596923,-0.6265000000000001,-0.9766666666666668,-0.5978619047619047,-2.721707467153811
2020-10,2020-11-30,51.9619215952,NEUTRAL,70.5351562369,51.9619215952,1.2321093742,0.1177152957,0.1177152957,2.3404076892,2.0578789545,0.4124355575,-0.5452,-0.9166666666666666,-0.5468380952380952,10.152251849903182
2020-11,2020-12-31,52.1285428907,NEUTRAL,68.7069084367,52.1285428907,1.1224145062,0.1277125734,0.1277125734,2.1322879494,1.8639836343,0.3656738676,-0.5485,-0.8421052631578947,-0.49895263157894737,9.512130503864991
2020-12,2021-01-31,53.8637951727,NEUTRAL,69.7289295377,53.8637951727,1.1837357723,0.2318277104,0.2318277104,2.3389592292,1.7741458071,0.3900103424,-0.57175,-0.9822727272727273,-0.4784818181818182,9.961554120781212
2021-01,2021-02-28,55.4975049798,NEUTRAL,69.0865158334,55.4975049798,1.1451909500,0.3298502988,0.3298502988,2.3117917046,1.5607598718,0.3783619248,-0.593,-1.0005263157894737,-0.41485263157894736,9.796891884527149
2021-02,2021-03-31,58.8688563103,NEUTRAL,67.8041524601,58.8688563103,1.0682491476,0.5321313786,0.5321313786,2.1220010073,1.2635661498,0.3552980547,-0.63675,-0.9221052631578948,-0.32094736842105265,9.254788827215666
2021-03,2021-04-30,59.5262961278,NEUTRAL,67.0081899402,59.5262961278,1.0204913964,0.5715777677,0.5715777677,1.6078652594,0.5792443428,1.3232782157,-0.6465000000000001,-0.6643478260869565,-0.10919130434782609,24.15017058724804
2021-04,2021-05-31,60.4502415779,SUPPORTIVE,66.3812743296,60.4502415779,0.9828764598,0.6270144947,0.6270144947,1.6687860357,0.4861652724,1.1495400363,-0.6594,-0.7145454545454546,-0.08434090909090909,21.064157915503223
2021-05,2021-06-30,60.8148435377,SUPPORTIVE,65.3105179475,60.8148435377,0.9186310768,0.6488906123,0.6488906123,1.8725611850,0.5201066002,0.6329659099,-0.665,-0.8470000000000001,-0.09831999999999999,12.946138639723115
2021-06,2021-07-31,61.6913687571,SUPPORTIVE,61.6913687571,62.6245517485,0.7014821254,0.7574731049,0.7574731049,1.7895412049,0.6236810345,-0.3647668426,-0.69025,-0.8236363636363637,-0.1325318181818182,-2.46044927946768
2021-07,2021-08-31,62.6866931122,SUPPORTIVE,65.9731120801,62.6866931122,0.9583867248,0.7612015867,0.7612015867,2.0726093965,0.9348753292,0.0648605868,-0.6931999999999999,-1.0090476190476192,-0.22696666666666668,4.050433646735185
2021-08,2021-09-30,61.5168253189,SUPPORTIVE,67.5138442374,61.5168253189,1.0508306542,0.6910095191,0.6910095191,2.1154380717,0.9779892339,0.4188857923,-0.68075,-1.0654545454545454,-0.24381818181818182,9.528332183146237
2021-09,2021-10-31,64.2801525181,SUPPORTIVE,66.3962495587,64.2801525181,0.9837749735,0.8568091511,0.8568091511,1.9006447186,0.7922171849,0.3854288395,-0.71775,-0.9695238095238095,-0.19274761904761903,9.113357495825603
2021-10,2021-11-30,61.6601476235,SUPPORTIVE,61.6601476235,61.7593172221,0.6996088574,0.7055590333,0.7055590333,1.8282826531,0.3264831716,-0.0618894284,-0.688,-0.9525,-0.059550000000000006,2.329075279385373
2021-11,2021-12-31,53.1343979328,NEUTRAL,59.0869397138,53.1343979328,0.5452163828,0.1880638760,0.1880638760,1.9598142240,0.2582614041,-0.2252739728,-0.586,-1.0565,-0.04061,-0.11848125174555024
2021-12,2022-01-31,47.9550113198,NEUTRAL,57.6468633484,47.9550113198,0.4588118009,-0.1226993208,-0.1226993208,1.8139325034,0.3775122035,-0.2334981825,-0.5294000000000001,-0.9931818181818183,-0.0761090909090909,-0.22184795076681807
2022-01,2022-02-28,50.0146727687,NEUTRAL,52.0988557297,50.0146727687,0.1259313438,0.0008803661,0.0008803661,1.2841929971,-0.1141198595,-0.6672281286,-0.55625,-0.6855,0.066815,-6.891937299646567
2022-02,2022-03-31,43.1526704590,NEUTRAL,47.7617159452,43.1526704590,-0.1342970433,-0.4108397725,-0.4108397725,1.0092864044,-0.3122841230,-0.8233506821,-0.47975,-0.5236842105263158,0.12541578947368423,-9.439321035550508
2022-03,2022-04-30,28.5170365006,RESTRICTIVE,44.8713982220,28.5170365006,-0.3077161067,-1.2889778100,-1.2889778100,1.3147753527,-0.5995918757,-0.6570700937,-0.31224999999999997,-0.7186956521739131,0.20977391304347826,-6.96069866449508
2022-04,2022-05-31,28.2997576789,RESTRICTIVE,35.6758516501,28.2997576789,-0.8594489010,-1.3020145393,-1.3020145393,0.3602210157,-1.5067316289,-0.9892704515,-0.308,-0.1365,0.480945,-12.227890502384774
2022-05,2022-06-30,17.1143460786,RESTRICTIVE,30.2560392841,17.1143460786,-1.1846376430,-1.9731392353,-1.9731392353,-0.2009265415,-1.5771940542,-0.9872907408,-0.17625000000000002,0.20952380952380953,0.5111238095238095,-12.299870366848287
2022-06,2022-07-31,9.0458583542,RESTRICTIVE,24.4327578287,9.0458583542,-1.5340345303,-2.4572484987,-2.4572484987,-0.7084401638,-1.6139383428,-1.3565111157,-0.0765,0.5257142857142857,0.5320904761904762,-18.26766205009296
2022-07,2022-08-31,12.3475618855,RESTRICTIVE,33.8512368352,12.3475618855,-0.9689257899,-2.2591462869,-2.2591462869,-0.7089546385,-0.5818544825,-0.3257477517,-0.10600000000000001,0.534,0.227425,-2.2541238217973603
2022-08,2022-09-30,21.8826572738,RESTRICTIVE,38.6424961695,21.8826572738,-0.6814502298,-1.6870405636,-1.6870405636,-0.4587022122,-0.2875623492,-0.2924957943,-0.21375,0.3895652173913044,0.14206086956521738,-1.7399536625350098
2022-09,2022-10-31,15.7218151007,RESTRICTIVE,27.8530458124,15.7218151007,-1.3288172513,-2.0566910940,-2.0566910940,-1.6683022071,-1.0636649801,-0.5266107239,-0.12940000000000002,1.1366666666666667,0.3781047619047619,-5.4148335174070255
2022-10,2022-11-30,9.4876099288,RESTRICTIVE,21.3571308001,9.4876099288,-1.7185721520,-2.4307434043,-2.4307434043,-2.3514070373,-1.4932787980,-0.5988593684,-0.03625,1.59,0.515035,-6.571851851851851
2022-11,2022-12-31,19.1943115971,RESTRICTIVE,27.7194992819,19.1943115971,-1.3368300431,-1.8483413042,-1.8483413042,-2.1822609262,-0.9828813053,-0.3338366367,-0.14825,1.52,0.36660499999999996,-2.452061684623852
2022-12,2023-01-31,22.8415671335,RESTRICTIVE,34.0748932603,22.8415671335,-0.9555064044,-1.6295059720,-1.6295059720,-1.8796874794,-0.2622226884,-0.0506094777,-0.1872,1.3566666666666667,0.15212857142857145,1.9351158110624933
2023-01,2023-02-28,30.8957842014,RESTRICTIVE,37.5094795721,30.8957842014,-0.7494312257,-1.1462529479,-1.1462529479,-1.7438553791,0.0851432637,-0.1927598394,-0.28625,1.2945,0.04865,-0.3598285547899649
2023-02,2023-03-31,33.3224195355,RESTRICTIVE,35.0196168631,33.3224195355,-0.8988229882,-1.0006548279,-1.0006548279,-1.8899569650,-0.2355799884,-0.4691001717,-0.314,1.4131578947368422,0.14619473684210527,-4.809663631529871
2023-03,2023-04-30,21.1114654842,RESTRICTIVE,37.8850034636,21.1114654842,-0.7268997922,-1.7333120709,-1.7333120709,-1.7700677220,-0.1411335606,0.7369141848,-0.1482,1.3608695652173914,0.11905217391304347,13.907171536130058
2023-04,2023-05-31,26.0638335177,RESTRICTIVE,39.8525839089,26.0638335177,-0.6088449655,-1.4361699889,-1.4361699889,-1.4814223911,0.4157777412,0.0664347769,-0.20700000000000002,1.1935,-0.047209999999999995,3.422486773097555
2023-05,2023-06-30,30.9855551334,RESTRICTIVE,41.9072483510,30.9855551334,-0.4855650989,-1.1408666920,-1.1408666920,-1.7054966599,0.4268358963,0.4772670598,-0.26725,1.36,-0.050695454545454544,9.708686368688756
2023-06,2023-07-31,31.4055485403,RESTRICTIVE,34.9716519180,31.4055485403,-0.9017008849,-1.1156670876,-1.1156670876,-1.9486583456,0.0976692897,-0.6401473961,-0.2686,1.5476190476190477,0.04671904761904762,-7.738701975103501
2023-07,2023-08-31,34.1868584274,RESTRICTIVE,36.9839951679,34.1868584274,-0.7809602899,-0.9487884944,-0.9487884944,-1.9857766443,-0.1338133594,-0.0554626616,-0.3015,1.6030000000000002,0.11385,1.1668694419507242
2023-08,2023-09-30,33.8080044745,RESTRICTIVE,33.8080044745,36.6563828101,-0.9715197315,-0.8006170314,-0.8006170314,-2.2663868112,-0.5557182073,-0.2633568763,-0.33075,1.8326086956521739,0.23707391304347827,-2.1484556181138426
2023-09,2023-10-31,31.6218416374,RESTRICTIVE,31.6218416374,35.7402257463,-1.1026895018,-0.8555864552,-0.8555864552,-2.4866354334,-0.9501552099,-0.1183809085,-0.3156,2.037,0.35145,-0.03919198301659543
2023-10,2023-11-30,27.0293556810,RESTRICTIVE,27.0293556810,33.3404854837,-1.3782386591,-0.9995708710,-0.9995708710,-2.8942382483,-1.6931056998,0.0739601825,-0.28075,2.4119047619047618,0.5765,2.8258229820909087
2023-11,2023-12-31,32.6673341138,RESTRICTIVE,32.6673341138,37.9272406846,-1.0399599532,-0.7243655589,-0.7243655589,-2.5114210051,-1.2264712189,0.3024179702,-0.3375,2.198571428571429,0.43838571428571427,6.275921805737195
2023-12,2024-01-31,40.1980919535,NEUTRAL,40.1980919535,42.2635303056,-0.5881144828,-0.4641881817,-0.4641881817,-1.9786134119,-0.3712926525,0.4616363149,-0.3906,1.8355000000000001,0.17982,8.709993048029151
2024-01,2024-02-29,41.0636690387,NEUTRAL,41.0636690387,45.6492250950,-0.5361798577,-0.2610464943,-0.2610464943,-1.8804770787,-0.4226024875,0.4194066298,-0.43074999999999997,1.7919047619047621,0.1909809523809524,8.104023255257854
2024-02,2024-03-31,38.5366086433,RESTRICTIVE,38.5366086433,47.6512305068,-0.6878034814,-0.1409261696,-0.1409261696,-2.0054809107,-0.7345497646,0.1297429193,-0.45275,1.925,0.27992,3.6602654419582104
2024-03,2024-04-30,39.2617167297,RESTRICTIVE,39.2617167297,51.4248827473,-0.6442969962,0.0854929648,0.0854929648,-1.9248727235,-0.7246305762,-0.0131776500,-0.496,1.8969999999999998,0.27413,1.440957225952788
2024-04,2024-05-31,33.6467536317,RESTRICTIVE,33.6467536317,50.9391309764,-0.9811947821,0.0563478586,0.0563478586,-2.1778100698,-1.3267726865,-0.4765442307,-0.487,2.145,0.44745454545454544,-5.7247258403450685
2024-05,2024-06-30,34.8003516119,RESTRICTIVE,34.8003516119,51.3425954560,-0.9119789033,0.0805557274,0.0805557274,-2.1220244886,-1.2175129576,-0.3889338942,-0.4888,2.148181818181818,0.41604545454545455,-4.434693593814465
2024-06,2024-07-31,35.7858371956,RESTRICTIVE,35.7858371956,47.9923894092,-0.8528497683,-0.1204566354,-0.1204566354,-1.9533235622,-0.8808642027,-0.4567546727,-0.446,2.05,0.31675789473684207,-5.5339617822152025
2024-07,2024-08-31,37.4187927276,RESTRICTIVE,37.4187927276,45.7365083910,-0.7548724363,-0.2558094965,-0.2558094965,-1.8198045351,-0.7923651246,-0.1515105891,-0.417,1.9740909090909091,0.2892363636363636,-0.9278168479194382
2024-08,2024-09-30,40.7083417722,NEUTRAL,40.7083417722,46.4661113915,-0.5574994937,-0.2120333165,-0.2120333165,-1.5376776101,-0.2105136047,-0.2697734434,-0.42279999999999995,1.760909090909091,0.11992727272727272,-2.8092224247376785
2024-09,2024-10-31,42.9836189647,NEUTRAL,42.9836189647,52.7159066318,-0.4209828621,0.1629543979,0.1629543979,-1.3464880932,-0.1543422352,-0.3460555179,-0.491,1.616,0.100675,-4.042151643817826
2024-10,2024-11-30,39.7766709163,RESTRICTIVE,39.7766709163,55.9180749502,-0.6133997450,0.3550844970,0.3550844970,-1.5418352283,-1.0698650415,-0.1969832073,-0.52475,1.8095454545454546,0.36074999999999996,-1.7173424534669413
2024-11,2024-12-31,36.9524724265,RESTRICTIVE,36.9524724265,59.3014788751,-0.7828516544,0.5580887325,0.5580887325,-1.7620280287,-1.6684287929,-0.2590385285,-0.5598,2.034736842105263,0.535778947368421,-2.5921318603582932
2024-12,2025-01-31,37.6752292999,RESTRICTIVE,37.6752292999,58.9734614724,-0.7394862420,0.5384076883,0.5384076883,-1.7833338249,-1.7809766886,0.0679578572,-0.5545,2.0880952380952382,0.575852380952381,2.4685806820695433
2025-01,2025-02-28,34.7175965787,RESTRICTIVE,34.7175965787,59.4807263193,-0.9169442053,0.5688435792,0.5688435792,-1.8936221792,-2.2254345614,-0.1175636597,-0.5596,2.2285714285714286,0.7229666666666666,-0.37606295787587785
2025-02,2025-03-31,37.3276539836,RESTRICTIVE,37.3276539836,55.5764920867,-0.7603407610,0.3345895252,0.3345895252,-1.6367866843,-1.8434273401,0.1042614552,-0.51625,2.026842105263158,0.6215947368421052,3.0850389475516993
2025-03,2025-04-30,39.1050694160,RESTRICTIVE,39.1050694160,51.5319456791,-0.6536958350,0.0919167407,0.0919167407,-1.5192290288,-1.4999114543,0.3124404022,-0.471,1.946190476190476,0.5254142857142857,6.268156933800828
2025-04,2025-05-31,36.4713655645,RESTRICTIVE,36.4713655645,47.8707304161,-0.8117180661,-0.1277561750,-0.1277561750,-1.5855008536,-1.4221087383,-0.1115064976,-0.42974999999999997,2.038095238095238,0.5087714285714287,-0.17275570309338573
2025-05,2025-06-30,36.7122577285,RESTRICTIVE,36.7122577285,54.0233652855,-0.7972645363,0.2414019171,0.2414019171,-1.6289954793,-1.5947787429,-0.2066858401,-0.496,2.1104761904761906,0.5682666666666667,-1.7007443686961832
2025-06,2025-07-31,38.0652664307,RESTRICTIVE,38.0652664307,57.4015046180,-0.7160840142,0.4440902771,0.4440902771,-1.5730491160,-1.4826045104,-0.2527727073,-0.53225,2.0865,0.538,-2.3647228155400324
2025-07,2025-08-31,41.1169433221,NEUTRAL,41.1169433221,60.3470969999,-0.5329834007,0.6208258200,0.6208258200,-1.4645952979,-1.4509352748,0.1627711500,-0.5645,2.0081818181818183,0.5327909090909091,3.982338545992903
2025-08,2025-09-30,41.2752806039,NEUTRAL,41.2752806039,61.6845145238,-0.5234831638,0.7010708714,0.7010708714,-1.3134880490,-1.2952574815,-0.1862579960,-0.5801999999999999,1.8828571428571428,0.4890285714285715,-1.3970876223491246
2025-09,2025-10-31,39.8481812320,RESTRICTIVE,39.8481812320,62.0199257536,-0.6091091261,0.7211955452,0.7211955452,-1.1596454397,-1.1951213522,-0.8028652577,-0.5854999999999999,1.749047619047619,0.46152380952380956,-10.895644472725719
2025-10,2025-11-30,38.9797592836,RESTRICTIVE,38.9797592836,62.4712301773,-0.6612144430,0.7482738106,0.7482738106,-1.1510359276,-1.1892604602,-1.0528351947,-0.5917999999999999,1.7568181818181818,0.46419090909090904,-14.918770131211733
2025-11,2025-12-31,39.4392410340,RESTRICTIVE,39.4392410340,60.9111926514,-0.6336455380,0.6546715591,0.6546715591,-1.2062459585,-1.2433804911,-0.7396272612,-0.57575,1.8277777777777777,0.4849722222222222,-10.182460781769242
2025-12,2026-01-31,40.4468638458,NEUTRAL,40.4468638458,59.5539822063,-0.5731881693,0.5732389324,0.5732389324,-1.2600990869,-1.4284209221,-0.1774716005,-0.5625,1.8990909090909092,0.5498227272727273,-1.4924965475525132
2026-01,2026-02-28,41.4644146156,NEUTRAL,41.4644146156,62.0901822922,-0.5121351231,0.7254109375,0.7254109375,-1.2493736419,-1.5609050910,0.0363273031,-0.5926,1.907,0.601145,1.881271240626381
2026-02,2026-03-31,41.8423567422,NEUTRAL,41.8423567422,58.3898076924,-0.4894585955,0.5033884615,0.5033884615,-1.1496766101,-1.3769513188,0.0654050855,-0.554,1.8247368421052632,0.5497736842105263,2.38829435756438
2026-03,2026-04-30,38.8283418626,RESTRICTIVE,38.8283418626,51.2024826453,-0.6702994882,0.0721489587,0.0721489587,-1.2134340018,-1.5316436863,-0.0082692235,-0.47650000000000003,1.9090909090909092,0.6098727272727273,1.2357096242996413
2026-04,2026-05-31,38.7106205641,RESTRICTIVE,38.7106205641,53.1252251814,-0.6773627662,0.1875135109,0.1875135109,-1.2199533933,-1.6253985936,-0.0516125886,-0.49875,1.9368181818181818,0.6520045454545454,0.5858491866556292
2026-05,2026-06-30,38.4105074601,RESTRICTIVE,38.4105074601,55.0859979948,-0.6953695524,0.3051598797,0.3051598797,-1.2973451594,-1.9179622457,0.1286693159,-0.5216000000000001,2.039,0.765515,3.398617220177602
2026-06,2026-07-31,37.9293506704,RESTRICTIVE,37.9293506704,58.9431312543,-0.7242389598,0.5365878753,0.5365878753,-1.4075411335,-1.8362831584,-0.1897194224,-0.5655,2.179047619047619,0.7529238095238096,-1.4208296383880215
2026-07,2026-08-31,38.4063419852,RESTRICTIVE,38.4063419852,60.3025719413,-0.6956194809,0.6181543165,0.6181543165,-1.5448325872,-1.9049000438,0.0491003909,-0.5824,2.3531818181818185,0.792490909090909,2.2603653328189255
2026-08,2026-09-30,36.1414457652,RESTRICTIVE,36.1414457652,60.5482802881,-0.8315132541,0.6328968173,0.6328968173,-1.5551923663,-2.0048709292,-0.3988865381,-0.5872499999999999,2.3971428571428572,0.8454857142857142,-4.618334550766978
2026-09,2026-10-31,35.5205444408,RESTRICTIVE,35.5205444408,60.0817130113,-0.8687673336,0.6049027807,0.6049027807,-1.7178724945,-2.2159053773,-0.1461942430,-0.5845,2.608421052631579,0.9432888888888888,-0.7190785710994296
