KEY,FREQ,REF_AREA,ADJUSTMENT,BS_REP_SECTOR,BS_ITEM,MATURITY_ORIG,DATA_TYPE,COUNT_AREA,BS_COUNT_SECTOR,CURRENCY_TRANS,BS_SUFFIX,TIME_PERIOD,OBS_VALUE,OBS_STATUS,OBS_CONF,OBS_PRE_BREAK,OBS_COM,TIME_FORMAT,BREAKS,COLLECTION,COMPILING_ORG,DISS_ORG,DOM_SER_IDS,PUBL_ECB,PUBL_MU,PUBL_PUBLIC,UNIT_INDEX_BASE,COMPILATION,DECIMALS,NAT_TITLE,SOURCE_AGENCY,TITLE,TITLE_COMPL,UNIT,UNIT_MULT
BSI.M.U2.Y.V.M20.X.1.U2.2300.Z01.E,M,U2,Y,V,M20,X,1,U2,2300,Z01,E,2014-01,9239268,A,F,,,P1M,,E,,,,,,,,,2,,,"Monetary aggregate M2, Stocks","Euro area (changing composition), Outstanding amounts at the end of the period (stocks), MFIs, central government and post office giro institutions reporting sector - Monetary aggregate M2, All currencies combined - Euro area (changing composition) counterpart, Non-MFIs excluding central government sector, denominated in Euro, data Working day and seasonally adjusted",EUR,6
BSI.M.U2.Y.V.M20.X.1.U2.2300.Z01.E,M,U2,Y,V,M20,X,1,U2,2300,Z01,E,2014-02,9267544,A,F,,,P1M,,E,,,,,,,,,2,,,"Monetary aggregate M2, Stocks","Euro area (changing composition), Outstanding amounts at the end of the period (stocks), MFIs, central government and post office giro institutions reporting sector - Monetary aggregate M2, All currencies combined - Euro area (changing composition) counterpart, Non-MFIs excluding central government sector, denominated in Euro, data Working day and seasonally adjusted",EUR,6
BSI.M.U2.Y.V.M20.X.1.U2.2300.Z01.E,M,U2,Y,V,M20,X,1,U2,2300,Z01,E,2014-03,9284719,A,F,,,P1M,,E,,,,,,,,,2,,,"Monetary aggregate M2, Stocks","Euro area (changing composition), Outstanding amounts at the end of the period (stocks), MFIs, central government and post office giro institutions reporting sector - Monetary aggregate M2, All currencies combined - Euro area (changing composition) counterpart, Non-MFIs excluding central government sector, denominated in Euro, data Working day and seasonally adjusted",EUR,6
BSI.M.U2.Y.V.M20.X.1.U2.2300.Z01.E,M,U2,Y,V,M20,X,1,U2,2300,Z01,E,2014-04,9287884,A,F,,,P1M,,E,,,,,,,,,2,,,"Monetary aggregate M2, Stocks","Euro area (changing composition), Outstanding amounts at the end of the period (stocks), MFIs, central government and post office giro institutions reporting sector - Monetary aggregate M2, All currencies combined - Euro area (changing composition) counterpart, Non-MFIs excluding central government sector, denominated in Euro, data Working day and seasonally adjusted",EUR,6
BSI.M.U2.Y.V.M20.X.1.U2.2300.Z01.E,M,U2,Y,V,M20,X,1,U2,2300,Z01,E,2014-05,9337820,A,F,,,P1M,,E,,,,,,,,,2,,,"Monetary aggregate M2, Stocks","Euro area (changing composition), Outstanding amounts at the end of the period (stocks), MFIs, central government and post office giro institutions reporting sector - Monetary aggregate M2, All currencies combined - Euro area (changing composition) counterpart, Non-MFIs excluding central government sector, denominated in Euro, data Working day and seasonally adjusted",EUR,6
BSI.M.U2.Y.V.M20.X.1.U2.2300.Z01.E,M,U2,Y,V,M20,X,1,U2,2300,Z01,E,2014-06,9362807,A,F,,,P1M,,E,,,,,,,,,2,,,"Monetary aggregate M2, Stocks","Euro area (changing composition), Outstanding amounts at the end of the period (stocks), MFIs, central government and post office giro institutions reporting sector - Monetary aggregate M2, All currencies combined - Euro area (changing composition) counterpart, Non-MFIs excluding central government sector, denominated in Euro, data Working day and seasonally adjusted",EUR,6
BSI.M.U2.Y.V.M20.X.1.U2.2300.Z01.E,M,U2,Y,V,M20,X,1,U2,2300,Z01,E,2014-07,9390708,A,F,,,P1M,,E,,,,,,,,,2,,,"Monetary aggregate M2, Stocks","Euro area (changing composition), Outstanding amounts at the end of the period (stocks), MFIs, central government and post office giro institutions reporting sector - Monetary aggregate M2, All currencies combined - Euro area (changing composition) counterpart, Non-MFIs excluding central government sector, denominated in Euro, data Working day and seasonally adjusted",EUR,6
BSI.M.U2.Y.V.M20.X.1.U2.2300.Z01.E,M,U2,Y,V,M20,X,1,U2,2300,Z01,E,2014-08,9433034,A,F,,,P1M,,E,,,,,,,,,2,,,"Monetary aggregate M2, Stocks","Euro area (changing composition), Outstanding amounts at the end of the period (stocks), MFIs, central government and post office giro institutions reporting sector - Monetary aggregate M2, All currencies combined - Euro area (changing composition) counterpart, Non-MFIs excluding central government sector, denominated in Euro, data Working day and seasonally adjusted",EUR,6
BSI.M.U2.Y.V.M20.X.1.U2.2300.Z01.E,M,U2,Y,V,M20,X,1,U2,2300,Z01,E,2014-09,9482753,A,F,,,P1M,,E,,,,,,,,,2,,,"Monetary aggregate M2, Stocks","Euro area (changing composition), Outstanding amounts at the end of the period (stocks), MFIs, central government and post office giro institutions reporting sector - Monetary aggregate M2, All currencies combined - Euro area (changing composition) counterpart, Non-MFIs excluding central government sector, denominated in Euro, data Working day and seasonally adjusted",EUR,6
BSI.M.U2.Y.V.M20.X.1.U2.2300.Z01.E,M,U2,Y,V,M20,X,1,U2,2300,Z01,E,2014-10,9500212,A,F,,,P1M,,E,,,,,,,,,2,,,"Monetary aggregate M2, Stocks","Euro area (changing composition), Outstanding amounts at the end of the period (stocks), MFIs, central government and post office giro institutions reporting sector - Monetary aggregate M2, All currencies combined - Euro area (changing composition) counterpart, Non-MFIs excluding central government sector, denominated in Euro, data Working day and seasonally adjusted",EUR,6
BSI.M.U2.Y.V.M20.X.1.U2.2300.Z01.E,M,U2,Y,V,M20,X,1,U2,2300,Z01,E,2014-11,9559214,A,F,,,P1M,,E,,,,,,,,,2,,,"Monetary aggregate M2, Stocks","Euro area (changing composition), Outstanding amounts at the end of the period (stocks), MFIs, central government and post office giro institutions reporting sector - Monetary aggregate M2, All currencies combined - Euro area (changing composition) counterpart, Non-MFIs excluding central government sector, denominated in Euro, data Working day and seasonally adjusted",EUR,6
BSI.M.U2.Y.V.M20.X.1.U2.2300.Z01.E,M,U2,Y,V,M20,X,1,U2,2300,Z01,E,2014-12,9676028,A,F,,,P1M,,E,,,,,,,,,2,,,"Monetary aggregate M2, Stocks","Euro area (changing composition), Outstanding amounts at the end of the period (stocks), MFIs, central government and post office giro institutions reporting sector - Monetary aggregate M2, All currencies combined - Euro area (changing composition) counterpart, Non-MFIs excluding central government sector, denominated in Euro, data Working day and seasonally adjusted",EUR,6
BSI.M.U2.Y.V.M20.X.1.U2.2300.Z01.E,M,U2,Y,V,M20,X,1,U2,2300,Z01,E,2015-01,9745960,A,F,,,P1M,,E,,,,,,,,,2,,,"Monetary aggregate M2, Stocks","Euro area (changing composition), Outstanding amounts at the end of the period (stocks), MFIs, central government and post office giro institutions reporting sector - Monetary aggregate M2, All currencies combined - Euro area (changing composition) counterpart, Non-MFIs excluding central government sector, denominated in Euro, data Working day and seasonally adjusted",EUR,6
BSI.M.U2.Y.V.M20.X.1.U2.2300.Z01.E,M,U2,Y,V,M20,X,1,U2,2300,Z01,E,2015-02,9761926,A,F,,,P1M,,E,,,,,,,,,2,,,"Monetary aggregate M2, Stocks","Euro area (changing composition), Outstanding amounts at the end of the period (stocks), MFIs, central government and post office giro institutions reporting sector - Monetary aggregate M2, All currencies combined - Euro area (changing composition) counterpart, Non-MFIs excluding central government sector, denominated in Euro, data Working day and seasonally adjusted",EUR,6
BSI.M.U2.Y.V.M20.X.1.U2.2300.Z01.E,M,U2,Y,V,M20,X,1,U2,2300,Z01,E,2015-03,9815782,A,F,,,P1M,,E,,,,,,,,,2,,,"Monetary aggregate M2, Stocks","Euro area (changing composition), Outstanding amounts at the end of the period (stocks), MFIs, central government and post office giro institutions reporting sector - Monetary aggregate M2, All currencies combined - Euro area (changing composition) counterpart, Non-MFIs excluding central government sector, denominated in Euro, data Working day and seasonally adjusted",EUR,6
BSI.M.U2.Y.V.M20.X.1.U2.2300.Z01.E,M,U2,Y,V,M20,X,1,U2,2300,Z01,E,2015-04,9865617,A,F,,,P1M,,E,,,,,,,,,2,,,"Monetary aggregate M2, Stocks","Euro area (changing composition), Outstanding amounts at the end of the period (stocks), MFIs, central government and post office giro institutions reporting sector - Monetary aggregate M2, All currencies combined - Euro area (changing composition) counterpart, Non-MFIs excluding central government sector, denominated in Euro, data Working day and seasonally adjusted",EUR,6
BSI.M.U2.Y.V.M20.X.1.U2.2300.Z01.E,M,U2,Y,V,M20,X,1,U2,2300,Z01,E,2015-05,9909778,A,F,,,P1M,,E,,,,,,,,,2,,,"Monetary aggregate M2, Stocks","Euro area (changing composition), Outstanding amounts at the end of the period (stocks), MFIs, central government and post office giro institutions reporting sector - Monetary aggregate M2, All currencies combined - Euro area (changing composition) counterpart, Non-MFIs excluding central government sector, denominated in Euro, data Working day and seasonally adjusted",EUR,6
BSI.M.U2.Y.V.M20.X.1.U2.2300.Z01.E,M,U2,Y,V,M20,X,1,U2,2300,Z01,E,2015-06,9947884,A,F,,,P1M,,E,,,,,,,,,2,,,"Monetary aggregate M2, Stocks","Euro area (changing composition), Outstanding amounts at the end of the period (stocks), MFIs, central government and post office giro institutions reporting sector - Monetary aggregate M2, All currencies combined - Euro area (changing composition) counterpart, Non-MFIs excluding central government sector, denominated in Euro, data Working day and seasonally adjusted",EUR,6
BSI.M.U2.Y.V.M20.X.1.U2.2300.Z01.E,M,U2,Y,V,M20,X,1,U2,2300,Z01,E,2015-07,10012113,A,F,,,P1M,,E,,,,,,,,,2,,,"Monetary aggregate M2, Stocks","Euro area (changing composition), Outstanding amounts at the end of the period (stocks), MFIs, central government and post office giro institutions reporting sector - Monetary aggregate M2, All currencies combined - Euro area (changing composition) counterpart, Non-MFIs excluding central government sector, denominated in Euro, data Working day and seasonally adjusted",EUR,6
BSI.M.U2.Y.V.M20.X.1.U2.2300.Z01.E,M,U2,Y,V,M20,X,1,U2,2300,Z01,E,2015-08,10030998,A,F,,,P1M,,E,,,,,,,,,2,,,"Monetary aggregate M2, Stocks","Euro area (changing composition), Outstanding amounts at the end of the period (stocks), MFIs, central government and post office giro institutions reporting sector - Monetary aggregate M2, All currencies combined - Euro area (changing composition) counterpart, Non-MFIs excluding central government sector, denominated in Euro, data Working day and seasonally adjusted",EUR,6
BSI.M.U2.Y.V.M20.X.1.U2.2300.Z01.E,M,U2,Y,V,M20,X,1,U2,2300,Z01,E,2015-09,10060424,A,F,,,P1M,,E,,,,,,,,,2,,,"Monetary aggregate M2, Stocks","Euro area (changing composition), Outstanding amounts at the end of the period (stocks), MFIs, central government and post office giro institutions reporting sector - Monetary aggregate M2, All currencies combined - Euro area (changing composition) counterpart, Non-MFIs excluding central government sector, denominated in Euro, data Working day and seasonally adjusted",EUR,6
BSI.M.U2.Y.V.M20.X.1.U2.2300.Z01.E,M,U2,Y,V,M20,X,1,U2,2300,Z01,E,2015-10,10124558,A,F,,,P1M,,E,,,,,,,,,2,,,"Monetary aggregate M2, Stocks","Euro area (changing composition), Outstanding amounts at the end of the period (stocks), MFIs, central government and post office giro institutions reporting sector - Monetary aggregate M2, All currencies combined - Euro area (changing composition) counterpart, Non-MFIs excluding central government sector, denominated in Euro, data Working day and seasonally adjusted",EUR,6
BSI.M.U2.Y.V.M20.X.1.U2.2300.Z01.E,M,U2,Y,V,M20,X,1,U2,2300,Z01,E,2015-11,10182417,A,F,,,P1M,,E,,,,,,,,,2,,,"Monetary aggregate M2, Stocks","Euro area (changing composition), Outstanding amounts at the end of the period (stocks), MFIs, central government and post office giro institutions reporting sector - Monetary aggregate M2, All currencies combined - Euro area (changing composition) counterpart, Non-MFIs excluding central government sector, denominated in Euro, data Working day and seasonally adjusted",EUR,6
BSI.M.U2.Y.V.M20.X.1.U2.2300.Z01.E,M,U2,Y,V,M20,X,1,U2,2300,Z01,E,2015-12,10217313,A,F,,,P1M,,E,,,,,,,,,2,,,"Monetary aggregate M2, Stocks","Euro area (changing composition), Outstanding amounts at the end of the period (stocks), MFIs, central government and post office giro institutions reporting sector - Monetary aggregate M2, All currencies combined - Euro area (changing composition) counterpart, Non-MFIs excluding central government sector, denominated in Euro, data Working day and seasonally adjusted",EUR,6
BSI.M.U2.Y.V.M20.X.1.U2.2300.Z01.E,M,U2,Y,V,M20,X,1,U2,2300,Z01,E,2016-01,10268839,A,F,,,P1M,,E,,,,,,,,,2,,,"Monetary aggregate M2, Stocks","Euro area (changing composition), Outstanding amounts at the end of the period (stocks), MFIs, central government and post office giro institutions reporting sector - Monetary aggregate M2, All currencies combined - Euro area (changing composition) counterpart, Non-MFIs excluding central government sector, denominated in Euro, data Working day and seasonally adjusted",EUR,6
BSI.M.U2.Y.V.M20.X.1.U2.2300.Z01.E,M,U2,Y,V,M20,X,1,U2,2300,Z01,E,2016-02,10320213,A,F,,,P1M,,E,,,,,,,,,2,,,"Monetary aggregate M2, Stocks","Euro area (changing composition), Outstanding amounts at the end of the period (stocks), MFIs, central government and post office giro institutions reporting sector - Monetary aggregate M2, All currencies combined - Euro area (changing composition) counterpart, Non-MFIs excluding central government sector, denominated in Euro, data Working day and seasonally adjusted",EUR,6
BSI.M.U2.Y.V.M20.X.1.U2.2300.Z01.E,M,U2,Y,V,M20,X,1,U2,2300,Z01,E,2016-03,10342705,A,F,,,P1M,,E,,,,,,,,,2,,,"Monetary aggregate M2, Stocks","Euro area (changing composition), Outstanding amounts at the end of the period (stocks), MFIs, central government and post office giro institutions reporting sector - Monetary aggregate M2, All currencies combined - Euro area (changing composition) counterpart, Non-MFIs excluding central government sector, denominated in Euro, data Working day and seasonally adjusted",EUR,6
BSI.M.U2.Y.V.M20.X.1.U2.2300.Z01.E,M,U2,Y,V,M20,X,1,U2,2300,Z01,E,2016-04,10383940,A,F,,,P1M,,E,,,,,,,,,2,,,"Monetary aggregate M2, Stocks","Euro area (changing composition), Outstanding amounts at the end of the period (stocks), MFIs, central government and post office giro institutions reporting sector - Monetary aggregate M2, All currencies combined - Euro area (changing composition) counterpart, Non-MFIs excluding central government sector, denominated in Euro, data Working day and seasonally adjusted",EUR,6
BSI.M.U2.Y.V.M20.X.1.U2.2300.Z01.E,M,U2,Y,V,M20,X,1,U2,2300,Z01,E,2016-05,10423954,A,F,,,P1M,,E,,,,,,,,,2,,,"Monetary aggregate M2, Stocks","Euro area (changing composition), Outstanding amounts at the end of the period (stocks), MFIs, central government and post office giro institutions reporting sector - Monetary aggregate M2, All currencies combined - Euro area (changing composition) counterpart, Non-MFIs excluding central government sector, denominated in Euro, data Working day and seasonally adjusted",EUR,6
BSI.M.U2.Y.V.M20.X.1.U2.2300.Z01.E,M,U2,Y,V,M20,X,1,U2,2300,Z01,E,2016-06,10452292,A,F,,,P1M,,E,,,,,,,,,2,,,"Monetary aggregate M2, Stocks","Euro area (changing composition), Outstanding amounts at the end of the period (stocks), MFIs, central government and post office giro institutions reporting sector - Monetary aggregate M2, All currencies combined - Euro area (changing composition) counterpart, Non-MFIs excluding central government sector, denominated in Euro, data Working day and seasonally adjusted",EUR,6
BSI.M.U2.Y.V.M20.X.1.U2.2300.Z01.E,M,U2,Y,V,M20,X,1,U2,2300,Z01,E,2016-07,10502607,A,F,,,P1M,,E,,,,,,,,,2,,,"Monetary aggregate M2, Stocks","Euro area (changing composition), Outstanding amounts at the end of the period (stocks), MFIs, central government and post office giro institutions reporting sector - Monetary aggregate M2, All currencies combined - Euro area (changing composition) counterpart, Non-MFIs excluding central government sector, denominated in Euro, data Working day and seasonally adjusted",EUR,6
BSI.M.U2.Y.V.M20.X.1.U2.2300.Z01.E,M,U2,Y,V,M20,X,1,U2,2300,Z01,E,2016-08,10528589,A,F,,,P1M,,E,,,,,,,,,2,,,"Monetary aggregate M2, Stocks","Euro area (changing composition), Outstanding amounts at the end of the period (stocks), MFIs, central government and post office giro institutions reporting sector - Monetary aggregate M2, All currencies combined - Euro area (changing composition) counterpart, Non-MFIs excluding central government sector, denominated in Euro, data Working day and seasonally adjusted",EUR,6
BSI.M.U2.Y.V.M20.X.1.U2.2300.Z01.E,M,U2,Y,V,M20,X,1,U2,2300,Z01,E,2016-09,10569166,A,F,,,P1M,,E,,,,,,,,,2,,,"Monetary aggregate M2, Stocks","Euro area (changing composition), Outstanding amounts at the end of the period (stocks), MFIs, central government and post office giro institutions reporting sector - Monetary aggregate M2, All currencies combined - Euro area (changing composition) counterpart, Non-MFIs excluding central government sector, denominated in Euro, data Working day and seasonally adjusted",EUR,6
BSI.M.U2.Y.V.M20.X.1.U2.2300.Z01.E,M,U2,Y,V,M20,X,1,U2,2300,Z01,E,2016-10,10591645,A,F,,,P1M,,E,,,,,,,,,2,,,"Monetary aggregate M2, Stocks","Euro area (changing composition), Outstanding amounts at the end of the period (stocks), MFIs, central government and post office giro institutions reporting sector - Monetary aggregate M2, All currencies combined - Euro area (changing composition) counterpart, Non-MFIs excluding central government sector, denominated in Euro, data Working day and seasonally adjusted",EUR,6
BSI.M.U2.Y.V.M20.X.1.U2.2300.Z01.E,M,U2,Y,V,M20,X,1,U2,2300,Z01,E,2016-11,10662425,A,F,,,P1M,,E,,,,,,,,,2,,,"Monetary aggregate M2, Stocks","Euro area (changing composition), Outstanding amounts at the end of the period (stocks), MFIs, central government and post office giro institutions reporting sector - Monetary aggregate M2, All currencies combined - Euro area (changing composition) counterpart, Non-MFIs excluding central government sector, denominated in Euro, data Working day and seasonally adjusted",EUR,6
BSI.M.U2.Y.V.M20.X.1.U2.2300.Z01.E,M,U2,Y,V,M20,X,1,U2,2300,Z01,E,2016-12,10710530,A,F,,,P1M,,E,,,,,,,,,2,,,"Monetary aggregate M2, Stocks","Euro area (changing composition), Outstanding amounts at the end of the period (stocks), MFIs, central government and post office giro institutions reporting sector - Monetary aggregate M2, All currencies combined - Euro area (changing composition) counterpart, Non-MFIs excluding central government sector, denominated in Euro, data Working day and seasonally adjusted",EUR,6
BSI.M.U2.Y.V.M20.X.1.U2.2300.Z01.E,M,U2,Y,V,M20,X,1,U2,2300,Z01,E,2017-01,10759056,A,F,,,P1M,,E,,,,,,,,,2,,,"Monetary aggregate M2, Stocks","Euro area (changing composition), Outstanding amounts at the end of the period (stocks), MFIs, central government and post office giro institutions reporting sector - Monetary aggregate M2, All currencies combined - Euro area (changing composition) counterpart, Non-MFIs excluding central government sector, denominated in Euro, data Working day and seasonally adjusted",EUR,6
BSI.M.U2.Y.V.M20.X.1.U2.2300.Z01.E,M,U2,Y,V,M20,X,1,U2,2300,Z01,E,2017-02,10814115,A,F,,,P1M,,E,,,,,,,,,2,,,"Monetary aggregate M2, Stocks","Euro area (changing composition), Outstanding amounts at the end of the period (stocks), MFIs, central government and post office giro institutions reporting sector - Monetary aggregate M2, All currencies combined - Euro area (changing composition) counterpart, Non-MFIs excluding central government sector, denominated in Euro, data Working day and seasonally adjusted",EUR,6
BSI.M.U2.Y.V.M20.X.1.U2.2300.Z01.E,M,U2,Y,V,M20,X,1,U2,2300,Z01,E,2017-03,10881654,A,F,,,P1M,,E,,,,,,,,,2,,,"Monetary aggregate M2, Stocks","Euro area (changing composition), Outstanding amounts at the end of the period (stocks), MFIs, central government and post office giro institutions reporting sector - Monetary aggregate M2, All currencies combined - Euro area (changing composition) counterpart, Non-MFIs excluding central government sector, denominated in Euro, data Working day and seasonally adjusted",EUR,6
BSI.M.U2.Y.V.M20.X.1.U2.2300.Z01.E,M,U2,Y,V,M20,X,1,U2,2300,Z01,E,2017-04,10912228,A,F,,,P1M,,E,,,,,,,,,2,,,"Monetary aggregate M2, Stocks","Euro area (changing composition), Outstanding amounts at the end of the period (stocks), MFIs, central government and post office giro institutions reporting sector - Monetary aggregate M2, All currencies combined - Euro area (changing composition) counterpart, Non-MFIs excluding central government sector, denominated in Euro, data Working day and seasonally adjusted",EUR,6
BSI.M.U2.Y.V.M20.X.1.U2.2300.Z01.E,M,U2,Y,V,M20,X,1,U2,2300,Z01,E,2017-05,10928508,A,F,,,P1M,,E,,,,,,,,,2,,,"Monetary aggregate M2, Stocks","Euro area (changing composition), Outstanding amounts at the end of the period (stocks), MFIs, central government and post office giro institutions reporting sector - Monetary aggregate M2, All currencies combined - Euro area (changing composition) counterpart, Non-MFIs excluding central government sector, denominated in Euro, data Working day and seasonally adjusted",EUR,6
BSI.M.U2.Y.V.M20.X.1.U2.2300.Z01.E,M,U2,Y,V,M20,X,1,U2,2300,Z01,E,2017-06,10988182,A,F,,,P1M,,E,,,,,,,,,2,,,"Monetary aggregate M2, Stocks","Euro area (changing composition), Outstanding amounts at the end of the period (stocks), MFIs, central government and post office giro institutions reporting sector - Monetary aggregate M2, All currencies combined - Euro area (changing composition) counterpart, Non-MFIs excluding central government sector, denominated in Euro, data Working day and seasonally adjusted",EUR,6
BSI.M.U2.Y.V.M20.X.1.U2.2300.Z01.E,M,U2,Y,V,M20,X,1,U2,2300,Z01,E,2017-07,11008582,A,F,,,P1M,,E,,,,,,,,,2,,,"Monetary aggregate M2, Stocks","Euro area (changing composition), Outstanding amounts at the end of the period (stocks), MFIs, central government and post office giro institutions reporting sector - Monetary aggregate M2, All currencies combined - Euro area (changing composition) counterpart, Non-MFIs excluding central government sector, denominated in Euro, data Working day and seasonally adjusted",EUR,6
BSI.M.U2.Y.V.M20.X.1.U2.2300.Z01.E,M,U2,Y,V,M20,X,1,U2,2300,Z01,E,2017-08,11066852,A,F,,,P1M,,E,,,,,,,,,2,,,"Monetary aggregate M2, Stocks","Euro area (changing composition), Outstanding amounts at the end of the period (stocks), MFIs, central government and post office giro institutions reporting sector - Monetary aggregate M2, All currencies combined - Euro area (changing composition) counterpart, Non-MFIs excluding central government sector, denominated in Euro, data Working day and seasonally adjusted",EUR,6
BSI.M.U2.Y.V.M20.X.1.U2.2300.Z01.E,M,U2,Y,V,M20,X,1,U2,2300,Z01,E,2017-09,11095402,A,F,,,P1M,,E,,,,,,,,,2,,,"Monetary aggregate M2, Stocks","Euro area (changing composition), Outstanding amounts at the end of the period (stocks), MFIs, central government and post office giro institutions reporting sector - Monetary aggregate M2, All currencies combined - Euro area (changing composition) counterpart, Non-MFIs excluding central government sector, denominated in Euro, data Working day and seasonally adjusted",EUR,6
BSI.M.U2.Y.V.M20.X.1.U2.2300.Z01.E,M,U2,Y,V,M20,X,1,U2,2300,Z01,E,2017-10,11139576,A,F,,,P1M,,E,,,,,,,,,2,,,"Monetary aggregate M2, Stocks","Euro area (changing composition), Outstanding amounts at the end of the period (stocks), MFIs, central government and post office giro institutions reporting sector - Monetary aggregate M2, All currencies combined - Euro area (changing composition) counterpart, Non-MFIs excluding central government sector, denominated in Euro, data Working day and seasonally adjusted",EUR,6
BSI.M.U2.Y.V.M20.X.1.U2.2300.Z01.E,M,U2,Y,V,M20,X,1,U2,2300,Z01,E,2017-11,11176686,A,F,,,P1M,,E,,,,,,,,,2,,,"Monetary aggregate M2, Stocks","Euro area (changing composition), Outstanding amounts at the end of the period (stocks), MFIs, central government and post office giro institutions reporting sector - Monetary aggregate M2, All currencies combined - Euro area (changing composition) counterpart, Non-MFIs excluding central government sector, denominated in Euro, data Working day and seasonally adjusted",EUR,6
BSI.M.U2.Y.V.M20.X.1.U2.2300.Z01.E,M,U2,Y,V,M20,X,1,U2,2300,Z01,E,2017-12,11208278,A,F,,,P1M,,E,,,,,,,,,2,,,"Monetary aggregate M2, Stocks","Euro area (changing composition), Outstanding amounts at the end of the period (stocks), MFIs, central government and post office giro institutions reporting sector - Monetary aggregate M2, All currencies combined - Euro area (changing composition) counterpart, Non-MFIs excluding central government sector, denominated in Euro, data Working day and seasonally adjusted",EUR,6
BSI.M.U2.Y.V.M20.X.1.U2.2300.Z01.E,M,U2,Y,V,M20,X,1,U2,2300,Z01,E,2018-01,11268435,A,F,,,P1M,,E,,,,,,,,,2,,,"Monetary aggregate M2, Stocks","Euro area (changing composition), Outstanding amounts at the end of the period (stocks), MFIs, central government and post office giro institutions reporting sector - Monetary aggregate M2, All currencies combined - Euro area (changing composition) counterpart, Non-MFIs excluding central government sector, denominated in Euro, data Working day and seasonally adjusted",EUR,6
BSI.M.U2.Y.V.M20.X.1.U2.2300.Z01.E,M,U2,Y,V,M20,X,1,U2,2300,Z01,E,2018-02,11278453,A,F,,,P1M,,E,,,,,,,,,2,,,"Monetary aggregate M2, Stocks","Euro area (changing composition), Outstanding amounts at the end of the period (stocks), MFIs, central government and post office giro institutions reporting sector - Monetary aggregate M2, All currencies combined - Euro area (changing composition) counterpart, Non-MFIs excluding central government sector, denominated in Euro, data Working day and seasonally adjusted",EUR,6
BSI.M.U2.Y.V.M20.X.1.U2.2300.Z01.E,M,U2,Y,V,M20,X,1,U2,2300,Z01,E,2018-03,11291026,A,F,,,P1M,,E,,,,,,,,,2,,,"Monetary aggregate M2, Stocks","Euro area (changing composition), Outstanding amounts at the end of the period (stocks), MFIs, central government and post office giro institutions reporting sector - Monetary aggregate M2, All currencies combined - Euro area (changing composition) counterpart, Non-MFIs excluding central government sector, denominated in Euro, data Working day and seasonally adjusted",EUR,6
BSI.M.U2.Y.V.M20.X.1.U2.2300.Z01.E,M,U2,Y,V,M20,X,1,U2,2300,Z01,E,2018-04,11338734,A,F,,,P1M,,E,,,,,,,,,2,,,"Monetary aggregate M2, Stocks","Euro area (changing composition), Outstanding amounts at the end of the period (stocks), MFIs, central government and post office giro institutions reporting sector - Monetary aggregate M2, All currencies combined - Euro area (changing composition) counterpart, Non-MFIs excluding central government sector, denominated in Euro, data Working day and seasonally adjusted",EUR,6
BSI.M.U2.Y.V.M20.X.1.U2.2300.Z01.E,M,U2,Y,V,M20,X,1,U2,2300,Z01,E,2018-05,11422841,A,F,,,P1M,,E,,,,,,,,,2,,,"Monetary aggregate M2, Stocks","Euro area (changing composition), Outstanding amounts at the end of the period (stocks), MFIs, central government and post office giro institutions reporting sector - Monetary aggregate M2, All currencies combined - Euro area (changing composition) counterpart, Non-MFIs excluding central government sector, denominated in Euro, data Working day and seasonally adjusted",EUR,6
BSI.M.U2.Y.V.M20.X.1.U2.2300.Z01.E,M,U2,Y,V,M20,X,1,U2,2300,Z01,E,2018-06,11493849,A,F,,,P1M,,E,,,,,,,,,2,,,"Monetary aggregate M2, Stocks","Euro area (changing composition), Outstanding amounts at the end of the period (stocks), MFIs, central government and post office giro institutions reporting sector - Monetary aggregate M2, All currencies combined - Euro area (changing composition) counterpart, Non-MFIs excluding central government sector, denominated in Euro, data Working day and seasonally adjusted",EUR,6
BSI.M.U2.Y.V.M20.X.1.U2.2300.Z01.E,M,U2,Y,V,M20,X,1,U2,2300,Z01,E,2018-07,11495564,A,F,,,P1M,,E,,,,,,,,,2,,,"Monetary aggregate M2, Stocks","Euro area (changing composition), Outstanding amounts at the end of the period (stocks), MFIs, central government and post office giro institutions reporting sector - Monetary aggregate M2, All currencies combined - Euro area (changing composition) counterpart, Non-MFIs excluding central government sector, denominated in Euro, data Working day and seasonally adjusted",EUR,6
BSI.M.U2.Y.V.M20.X.1.U2.2300.Z01.E,M,U2,Y,V,M20,X,1,U2,2300,Z01,E,2018-08,11513479,A,F,,,P1M,,E,,,,,,,,,2,,,"Monetary aggregate M2, Stocks","Euro area (changing composition), Outstanding amounts at the end of the period (stocks), MFIs, central government and post office giro institutions reporting sector - Monetary aggregate M2, All currencies combined - Euro area (changing composition) counterpart, Non-MFIs excluding central government sector, denominated in Euro, data Working day and seasonally adjusted",EUR,6
BSI.M.U2.Y.V.M20.X.1.U2.2300.Z01.E,M,U2,Y,V,M20,X,1,U2,2300,Z01,E,2018-09,11561802,A,F,,,P1M,,E,,,,,,,,,2,,,"Monetary aggregate M2, Stocks","Euro area (changing composition), Outstanding amounts at the end of the period (stocks), MFIs, central government and post office giro institutions reporting sector - Monetary aggregate M2, All currencies combined - Euro area (changing composition) counterpart, Non-MFIs excluding central government sector, denominated in Euro, data Working day and seasonally adjusted",EUR,6
BSI.M.U2.Y.V.M20.X.1.U2.2300.Z01.E,M,U2,Y,V,M20,X,1,U2,2300,Z01,E,2018-10,11622419,A,F,,,P1M,,E,,,,,,,,,2,,,"Monetary aggregate M2, Stocks","Euro area (changing composition), Outstanding amounts at the end of the period (stocks), MFIs, central government and post office giro institutions reporting sector - Monetary aggregate M2, All currencies combined - Euro area (changing composition) counterpart, Non-MFIs excluding central government sector, denominated in Euro, data Working day and seasonally adjusted",EUR,6
BSI.M.U2.Y.V.M20.X.1.U2.2300.Z01.E,M,U2,Y,V,M20,X,1,U2,2300,Z01,E,2018-11,11665857,A,F,,,P1M,,E,,,,,,,,,2,,,"Monetary aggregate M2, Stocks","Euro area (changing composition), Outstanding amounts at the end of the period (stocks), MFIs, central government and post office giro institutions reporting sector - Monetary aggregate M2, All currencies combined - Euro area (changing composition) counterpart, Non-MFIs excluding central government sector, denominated in Euro, data Working day and seasonally adjusted",EUR,6
BSI.M.U2.Y.V.M20.X.1.U2.2300.Z01.E,M,U2,Y,V,M20,X,1,U2,2300,Z01,E,2018-12,11709917,A,F,,,P1M,,E,,,,,,,,,2,,,"Monetary aggregate M2, Stocks","Euro area (changing composition), Outstanding amounts at the end of the period (stocks), MFIs, central government and post office giro institutions reporting sector - Monetary aggregate M2, All currencies combined - Euro area (changing composition) counterpart, Non-MFIs excluding central government sector, denominated in Euro, data Working day and seasonally adjusted",EUR,6
BSI.M.U2.Y.V.M20.X.1.U2.2300.Z01.E,M,U2,Y,V,M20,X,1,U2,2300,Z01,E,2019-01,11749372,A,F,,,P1M,,E,,,,,,,,,2,,,"Monetary aggregate M2, Stocks","Euro area (changing composition), Outstanding amounts at the end of the period (stocks), MFIs, central government and post office giro institutions reporting sector - Monetary aggregate M2, All currencies combined - Euro area (changing composition) counterpart, Non-MFIs excluding central government sector, denominated in Euro, data Working day and seasonally adjusted",EUR,6
BSI.M.U2.Y.V.M20.X.1.U2.2300.Z01.E,M,U2,Y,V,M20,X,1,U2,2300,Z01,E,2019-02,11810026,A,F,,,P1M,,E,,,,,,,,,2,,,"Monetary aggregate M2, Stocks","Euro area (changing composition), Outstanding amounts at the end of the period (stocks), MFIs, central government and post office giro institutions reporting sector - Monetary aggregate M2, All currencies combined - Euro area (changing composition) counterpart, Non-MFIs excluding central government sector, denominated in Euro, data Working day and seasonally adjusted",EUR,6
BSI.M.U2.Y.V.M20.X.1.U2.2300.Z01.E,M,U2,Y,V,M20,X,1,U2,2300,Z01,E,2019-03,11892106,A,F,,,P1M,,E,,,,,,,,,2,,,"Monetary aggregate M2, Stocks","Euro area (changing composition), Outstanding amounts at the end of the period (stocks), MFIs, central government and post office giro institutions reporting sector - Monetary aggregate M2, All currencies combined - Euro area (changing composition) counterpart, Non-MFIs excluding central government sector, denominated in Euro, data Working day and seasonally adjusted",EUR,6
BSI.M.U2.Y.V.M20.X.1.U2.2300.Z01.E,M,U2,Y,V,M20,X,1,U2,2300,Z01,E,2019-04,11966995,A,F,,,P1M,,E,,,,,,,,,2,,,"Monetary aggregate M2, Stocks","Euro area (changing composition), Outstanding amounts at the end of the period (stocks), MFIs, central government and post office giro institutions reporting sector - Monetary aggregate M2, All currencies combined - Euro area (changing composition) counterpart, Non-MFIs excluding central government sector, denominated in Euro, data Working day and seasonally adjusted",EUR,6
BSI.M.U2.Y.V.M20.X.1.U2.2300.Z01.E,M,U2,Y,V,M20,X,1,U2,2300,Z01,E,2019-05,12031672,A,F,,,P1M,,E,,,,,,,,,2,,,"Monetary aggregate M2, Stocks","Euro area (changing composition), Outstanding amounts at the end of the period (stocks), MFIs, central government and post office giro institutions reporting sector - Monetary aggregate M2, All currencies combined - Euro area (changing composition) counterpart, Non-MFIs excluding central government sector, denominated in Euro, data Working day and seasonally adjusted",EUR,6
BSI.M.U2.Y.V.M20.X.1.U2.2300.Z01.E,M,U2,Y,V,M20,X,1,U2,2300,Z01,E,2019-06,12072408,A,F,,,P1M,,E,,,,,,,,,2,,,"Monetary aggregate M2, Stocks","Euro area (changing composition), Outstanding amounts at the end of the period (stocks), MFIs, central government and post office giro institutions reporting sector - Monetary aggregate M2, All currencies combined - Euro area (changing composition) counterpart, Non-MFIs excluding central government sector, denominated in Euro, data Working day and seasonally adjusted",EUR,6
BSI.M.U2.Y.V.M20.X.1.U2.2300.Z01.E,M,U2,Y,V,M20,X,1,U2,2300,Z01,E,2019-07,12138309,A,F,,,P1M,,E,,,,,,,,,2,,,"Monetary aggregate M2, Stocks","Euro area (changing composition), Outstanding amounts at the end of the period (stocks), MFIs, central government and post office giro institutions reporting sector - Monetary aggregate M2, All currencies combined - Euro area (changing composition) counterpart, Non-MFIs excluding central government sector, denominated in Euro, data Working day and seasonally adjusted",EUR,6
BSI.M.U2.Y.V.M20.X.1.U2.2300.Z01.E,M,U2,Y,V,M20,X,1,U2,2300,Z01,E,2019-08,12240547,A,F,,,P1M,,E,,,,,,,,,2,,,"Monetary aggregate M2, Stocks","Euro area (changing composition), Outstanding amounts at the end of the period (stocks), MFIs, central government and post office giro institutions reporting sector - Monetary aggregate M2, All currencies combined - Euro area (changing composition) counterpart, Non-MFIs excluding central government sector, denominated in Euro, data Working day and seasonally adjusted",EUR,6
BSI.M.U2.Y.V.M20.X.1.U2.2300.Z01.E,M,U2,Y,V,M20,X,1,U2,2300,Z01,E,2019-09,12280081,A,F,,,P1M,,E,,,,,,,,,2,,,"Monetary aggregate M2, Stocks","Euro area (changing composition), Outstanding amounts at the end of the period (stocks), MFIs, central government and post office giro institutions reporting sector - Monetary aggregate M2, All currencies combined - Euro area (changing composition) counterpart, Non-MFIs excluding central government sector, denominated in Euro, data Working day and seasonally adjusted",EUR,6
BSI.M.U2.Y.V.M20.X.1.U2.2300.Z01.E,M,U2,Y,V,M20,X,1,U2,2300,Z01,E,2019-10,12339342,A,F,,,P1M,,E,,,,,,,,,2,,,"Monetary aggregate M2, Stocks","Euro area (changing composition), Outstanding amounts at the end of the period (stocks), MFIs, central government and post office giro institutions reporting sector - Monetary aggregate M2, All currencies combined - Euro area (changing composition) counterpart, Non-MFIs excluding central government sector, denominated in Euro, data Working day and seasonally adjusted",EUR,6
BSI.M.U2.Y.V.M20.X.1.U2.2300.Z01.E,M,U2,Y,V,M20,X,1,U2,2300,Z01,E,2019-11,12376134,A,F,,,P1M,,E,,,,,,,,,2,,,"Monetary aggregate M2, Stocks","Euro area (changing composition), Outstanding amounts at the end of the period (stocks), MFIs, central government and post office giro institutions reporting sector - Monetary aggregate M2, All currencies combined - Euro area (changing composition) counterpart, Non-MFIs excluding central government sector, denominated in Euro, data Working day and seasonally adjusted",EUR,6
BSI.M.U2.Y.V.M20.X.1.U2.2300.Z01.E,M,U2,Y,V,M20,X,1,U2,2300,Z01,E,2019-12,12374612,A,F,,,P1M,,E,,,,,,,,,2,,,"Monetary aggregate M2, Stocks","Euro area (changing composition), Outstanding amounts at the end of the period (stocks), MFIs, central government and post office giro institutions reporting sector - Monetary aggregate M2, All currencies combined - Euro area (changing composition) counterpart, Non-MFIs excluding central government sector, denominated in Euro, data Working day and seasonally adjusted",EUR,6
BSI.M.U2.Y.V.M20.X.1.U2.2300.Z01.E,M,U2,Y,V,M20,X,1,U2,2300,Z01,E,2020-01,12414758,A,F,,,P1M,,E,,,,,,,,,2,,,"Monetary aggregate M2, Stocks","Euro area (changing composition), Outstanding amounts at the end of the period (stocks), MFIs, central government and post office giro institutions reporting sector - Monetary aggregate M2, All currencies combined - Euro area (changing composition) counterpart, Non-MFIs excluding central government sector, denominated in Euro, data Working day and seasonally adjusted",EUR,6
BSI.M.U2.Y.V.M20.X.1.U2.2300.Z01.E,M,U2,Y,V,M20,X,1,U2,2300,Z01,E,2020-02,12485614,A,F,,,P1M,,E,,,,,,,,,2,,,"Monetary aggregate M2, Stocks","Euro area (changing composition), Outstanding amounts at the end of the period (stocks), MFIs, central government and post office giro institutions reporting sector - Monetary aggregate M2, All currencies combined - Euro area (changing composition) counterpart, Non-MFIs excluding central government sector, denominated in Euro, data Working day and seasonally adjusted",EUR,6
BSI.M.U2.Y.V.M20.X.1.U2.2300.Z01.E,M,U2,Y,V,M20,X,1,U2,2300,Z01,E,2020-03,12791700,A,F,,,P1M,,E,,,,,,,,,2,,,"Monetary aggregate M2, Stocks","Euro area (changing composition), Outstanding amounts at the end of the period (stocks), MFIs, central government and post office giro institutions reporting sector - Monetary aggregate M2, All currencies combined - Euro area (changing composition) counterpart, Non-MFIs excluding central government sector, denominated in Euro, data Working day and seasonally adjusted",EUR,6
BSI.M.U2.Y.V.M20.X.1.U2.2300.Z01.E,M,U2,Y,V,M20,X,1,U2,2300,Z01,E,2020-04,12976712,A,F,,,P1M,,E,,,,,,,,,2,,,"Monetary aggregate M2, Stocks","Euro area (changing composition), Outstanding amounts at the end of the period (stocks), MFIs, central government and post office giro institutions reporting sector - Monetary aggregate M2, All currencies combined - Euro area (changing composition) counterpart, Non-MFIs excluding central government sector, denominated in Euro, data Working day and seasonally adjusted",EUR,6
BSI.M.U2.Y.V.M20.X.1.U2.2300.Z01.E,M,U2,Y,V,M20,X,1,U2,2300,Z01,E,2020-05,13131206,A,F,,,P1M,,E,,,,,,,,,2,,,"Monetary aggregate M2, Stocks","Euro area (changing composition), Outstanding amounts at the end of the period (stocks), MFIs, central government and post office giro institutions reporting sector - Monetary aggregate M2, All currencies combined - Euro area (changing composition) counterpart, Non-MFIs excluding central government sector, denominated in Euro, data Working day and seasonally adjusted",EUR,6
BSI.M.U2.Y.V.M20.X.1.U2.2300.Z01.E,M,U2,Y,V,M20,X,1,U2,2300,Z01,E,2020-06,13221345,A,F,,,P1M,,E,,,,,,,,,2,,,"Monetary aggregate M2, Stocks","Euro area (changing composition), Outstanding amounts at the end of the period (stocks), MFIs, central government and post office giro institutions reporting sector - Monetary aggregate M2, All currencies combined - Euro area (changing composition) counterpart, Non-MFIs excluding central government sector, denominated in Euro, data Working day and seasonally adjusted",EUR,6
BSI.M.U2.Y.V.M20.X.1.U2.2300.Z01.E,M,U2,Y,V,M20,X,1,U2,2300,Z01,E,2020-07,13290586,A,F,,,P1M,,E,,,,,,,,,2,,,"Monetary aggregate M2, Stocks","Euro area (changing composition), Outstanding amounts at the end of the period (stocks), MFIs, central government and post office giro institutions reporting sector - Monetary aggregate M2, All currencies combined - Euro area (changing composition) counterpart, Non-MFIs excluding central government sector, denominated in Euro, data Working day and seasonally adjusted",EUR,6
BSI.M.U2.Y.V.M20.X.1.U2.2300.Z01.E,M,U2,Y,V,M20,X,1,U2,2300,Z01,E,2020-08,13349883,A,F,,,P1M,,E,,,,,,,,,2,,,"Monetary aggregate M2, Stocks","Euro area (changing composition), Outstanding amounts at the end of the period (stocks), MFIs, central government and post office giro institutions reporting sector - Monetary aggregate M2, All currencies combined - Euro area (changing composition) counterpart, Non-MFIs excluding central government sector, denominated in Euro, data Working day and seasonally adjusted",EUR,6
BSI.M.U2.Y.V.M20.X.1.U2.2300.Z01.E,M,U2,Y,V,M20,X,1,U2,2300,Z01,E,2020-09,13448807,A,F,,,P1M,,E,,,,,,,,,2,,,"Monetary aggregate M2, Stocks","Euro area (changing composition), Outstanding amounts at the end of the period (stocks), MFIs, central government and post office giro institutions reporting sector - Monetary aggregate M2, All currencies combined - Euro area (changing composition) counterpart, Non-MFIs excluding central government sector, denominated in Euro, data Working day and seasonally adjusted",EUR,6
BSI.M.U2.Y.V.M20.X.1.U2.2300.Z01.E,M,U2,Y,V,M20,X,1,U2,2300,Z01,E,2020-10,13542286,A,F,,,P1M,,E,,,,,,,,,2,,,"Monetary aggregate M2, Stocks","Euro area (changing composition), Outstanding amounts at the end of the period (stocks), MFIs, central government and post office giro institutions reporting sector - Monetary aggregate M2, All currencies combined - Euro area (changing composition) counterpart, Non-MFIs excluding central government sector, denominated in Euro, data Working day and seasonally adjusted",EUR,6
BSI.M.U2.Y.V.M20.X.1.U2.2300.Z01.E,M,U2,Y,V,M20,X,1,U2,2300,Z01,E,2020-11,13637152,A,F,,,P1M,,E,,,,,,,,,2,,,"Monetary aggregate M2, Stocks","Euro area (changing composition), Outstanding amounts at the end of the period (stocks), MFIs, central government and post office giro institutions reporting sector - Monetary aggregate M2, All currencies combined - Euro area (changing composition) counterpart, Non-MFIs excluding central government sector, denominated in Euro, data Working day and seasonally adjusted",EUR,6
BSI.M.U2.Y.V.M20.X.1.U2.2300.Z01.E,M,U2,Y,V,M20,X,1,U2,2300,Z01,E,2020-12,13739962,A,F,,,P1M,,E,,,,,,,,,2,,,"Monetary aggregate M2, Stocks","Euro area (changing composition), Outstanding amounts at the end of the period (stocks), MFIs, central government and post office giro institutions reporting sector - Monetary aggregate M2, All currencies combined - Euro area (changing composition) counterpart, Non-MFIs excluding central government sector, denominated in Euro, data Working day and seasonally adjusted",EUR,6
BSI.M.U2.Y.V.M20.X.1.U2.2300.Z01.E,M,U2,Y,V,M20,X,1,U2,2300,Z01,E,2021-01,13826659,A,F,,,P1M,,E,,,,,,,,,2,,,"Monetary aggregate M2, Stocks","Euro area (changing composition), Outstanding amounts at the end of the period (stocks), MFIs, central government and post office giro institutions reporting sector - Monetary aggregate M2, All currencies combined - Euro area (changing composition) counterpart, Non-MFIs excluding central government sector, denominated in Euro, data Working day and seasonally adjusted",EUR,6
BSI.M.U2.Y.V.M20.X.1.U2.2300.Z01.E,M,U2,Y,V,M20,X,1,U2,2300,Z01,E,2021-02,13914526,A,F,,,P1M,,E,,,,,,,,,2,,,"Monetary aggregate M2, Stocks","Euro area (changing composition), Outstanding amounts at the end of the period (stocks), MFIs, central government and post office giro institutions reporting sector - Monetary aggregate M2, All currencies combined - Euro area (changing composition) counterpart, Non-MFIs excluding central government sector, denominated in Euro, data Working day and seasonally adjusted",EUR,6
BSI.M.U2.Y.V.M20.X.1.U2.2300.Z01.E,M,U2,Y,V,M20,X,1,U2,2300,Z01,E,2021-03,14017030,A,F,,,P1M,,E,,,,,,,,,2,,,"Monetary aggregate M2, Stocks","Euro area (changing composition), Outstanding amounts at the end of the period (stocks), MFIs, central government and post office giro institutions reporting sector - Monetary aggregate M2, All currencies combined - Euro area (changing composition) counterpart, Non-MFIs excluding central government sector, denominated in Euro, data Working day and seasonally adjusted",EUR,6
BSI.M.U2.Y.V.M20.X.1.U2.2300.Z01.E,M,U2,Y,V,M20,X,1,U2,2300,Z01,E,2021-04,14065961,A,F,,,P1M,,E,,,,,,,,,2,,,"Monetary aggregate M2, Stocks","Euro area (changing composition), Outstanding amounts at the end of the period (stocks), MFIs, central government and post office giro institutions reporting sector - Monetary aggregate M2, All currencies combined - Euro area (changing composition) counterpart, Non-MFIs excluding central government sector, denominated in Euro, data Working day and seasonally adjusted",EUR,6
BSI.M.U2.Y.V.M20.X.1.U2.2300.Z01.E,M,U2,Y,V,M20,X,1,U2,2300,Z01,E,2021-05,14155693,A,F,,,P1M,,E,,,,,,,,,2,,,"Monetary aggregate M2, Stocks","Euro area (changing composition), Outstanding amounts at the end of the period (stocks), MFIs, central government and post office giro institutions reporting sector - Monetary aggregate M2, All currencies combined - Euro area (changing composition) counterpart, Non-MFIs excluding central government sector, denominated in Euro, data Working day and seasonally adjusted",EUR,6
BSI.M.U2.Y.V.M20.X.1.U2.2300.Z01.E,M,U2,Y,V,M20,X,1,U2,2300,Z01,E,2021-06,14233356,A,F,,,P1M,,E,,,,,,,,,2,,,"Monetary aggregate M2, Stocks","Euro area (changing composition), Outstanding amounts at the end of the period (stocks), MFIs, central government and post office giro institutions reporting sector - Monetary aggregate M2, All currencies combined - Euro area (changing composition) counterpart, Non-MFIs excluding central government sector, denominated in Euro, data Working day and seasonally adjusted",EUR,6
BSI.M.U2.Y.V.M20.X.1.U2.2300.Z01.E,M,U2,Y,V,M20,X,1,U2,2300,Z01,E,2021-07,14334088,A,F,,,P1M,,E,,,,,,,,,2,,,"Monetary aggregate M2, Stocks","Euro area (changing composition), Outstanding amounts at the end of the period (stocks), MFIs, central government and post office giro institutions reporting sector - Monetary aggregate M2, All currencies combined - Euro area (changing composition) counterpart, Non-MFIs excluding central government sector, denominated in Euro, data Working day and seasonally adjusted",EUR,6
BSI.M.U2.Y.V.M20.X.1.U2.2300.Z01.E,M,U2,Y,V,M20,X,1,U2,2300,Z01,E,2021-08,14425369,A,F,,,P1M,,E,,,,,,,,,2,,,"Monetary aggregate M2, Stocks","Euro area (changing composition), Outstanding amounts at the end of the period (stocks), MFIs, central government and post office giro institutions reporting sector - Monetary aggregate M2, All currencies combined - Euro area (changing composition) counterpart, Non-MFIs excluding central government sector, denominated in Euro, data Working day and seasonally adjusted",EUR,6
BSI.M.U2.Y.V.M20.X.1.U2.2300.Z01.E,M,U2,Y,V,M20,X,1,U2,2300,Z01,E,2021-09,14496442,A,F,,,P1M,,E,,,,,,,,,2,,,"Monetary aggregate M2, Stocks","Euro area (changing composition), Outstanding amounts at the end of the period (stocks), MFIs, central government and post office giro institutions reporting sector - Monetary aggregate M2, All currencies combined - Euro area (changing composition) counterpart, Non-MFIs excluding central government sector, denominated in Euro, data Working day and seasonally adjusted",EUR,6
BSI.M.U2.Y.V.M20.X.1.U2.2300.Z01.E,M,U2,Y,V,M20,X,1,U2,2300,Z01,E,2021-10,14567394,A,F,,,P1M,,E,,,,,,,,,2,,,"Monetary aggregate M2, Stocks","Euro area (changing composition), Outstanding amounts at the end of the period (stocks), MFIs, central government and post office giro institutions reporting sector - Monetary aggregate M2, All currencies combined - Euro area (changing composition) counterpart, Non-MFIs excluding central government sector, denominated in Euro, data Working day and seasonally adjusted",EUR,6
BSI.M.U2.Y.V.M20.X.1.U2.2300.Z01.E,M,U2,Y,V,M20,X,1,U2,2300,Z01,E,2021-11,14613598,A,F,,,P1M,,E,,,,,,,,,2,,,"Monetary aggregate M2, Stocks","Euro area (changing composition), Outstanding amounts at the end of the period (stocks), MFIs, central government and post office giro institutions reporting sector - Monetary aggregate M2, All currencies combined - Euro area (changing composition) counterpart, Non-MFIs excluding central government sector, denominated in Euro, data Working day and seasonally adjusted",EUR,6
BSI.M.U2.Y.V.M20.X.1.U2.2300.Z01.E,M,U2,Y,V,M20,X,1,U2,2300,Z01,E,2021-12,14704178,A,F,,,P1M,,E,,,,,,,,,2,,,"Monetary aggregate M2, Stocks","Euro area (changing composition), Outstanding amounts at the end of the period (stocks), MFIs, central government and post office giro institutions reporting sector - Monetary aggregate M2, All currencies combined - Euro area (changing composition) counterpart, Non-MFIs excluding central government sector, denominated in Euro, data Working day and seasonally adjusted",EUR,6
BSI.M.U2.Y.V.M20.X.1.U2.2300.Z01.E,M,U2,Y,V,M20,X,1,U2,2300,Z01,E,2022-01,14827973,A,F,,,P1M,,E,,,,,,,,,2,,,"Monetary aggregate M2, Stocks","Euro area (changing composition), Outstanding amounts at the end of the period (stocks), MFIs, central government and post office giro institutions reporting sector - Monetary aggregate M2, All currencies combined - Euro area (changing composition) counterpart, Non-MFIs excluding central government sector, denominated in Euro, data Working day and seasonally adjusted",EUR,6
BSI.M.U2.Y.V.M20.X.1.U2.2300.Z01.E,M,U2,Y,V,M20,X,1,U2,2300,Z01,E,2022-02,14911495,A,F,,,P1M,,E,,,,,,,,,2,,,"Monetary aggregate M2, Stocks","Euro area (changing composition), Outstanding amounts at the end of the period (stocks), MFIs, central government and post office giro institutions reporting sector - Monetary aggregate M2, All currencies combined - Euro area (changing composition) counterpart, Non-MFIs excluding central government sector, denominated in Euro, data Working day and seasonally adjusted",EUR,6
BSI.M.U2.Y.V.M20.X.1.U2.2300.Z01.E,M,U2,Y,V,M20,X,1,U2,2300,Z01,E,2022-03,14972711,A,F,,,P1M,,E,,,,,,,,,2,,,"Monetary aggregate M2, Stocks","Euro area (changing composition), Outstanding amounts at the end of the period (stocks), MFIs, central government and post office giro institutions reporting sector - Monetary aggregate M2, All currencies combined - Euro area (changing composition) counterpart, Non-MFIs excluding central government sector, denominated in Euro, data Working day and seasonally adjusted",EUR,6
BSI.M.U2.Y.V.M20.X.1.U2.2300.Z01.E,M,U2,Y,V,M20,X,1,U2,2300,Z01,E,2022-04,15026571,A,F,,,P1M,,E,,,,,,,,,2,,,"Monetary aggregate M2, Stocks","Euro area (changing composition), Outstanding amounts at the end of the period (stocks), MFIs, central government and post office giro institutions reporting sector - Monetary aggregate M2, All currencies combined - Euro area (changing composition) counterpart, Non-MFIs excluding central government sector, denominated in Euro, data Working day and seasonally adjusted",EUR,6
BSI.M.U2.Y.V.M20.X.1.U2.2300.Z01.E,M,U2,Y,V,M20,X,1,U2,2300,Z01,E,2022-05,15073392,A,F,,,P1M,,E,,,,,,,,,2,,,"Monetary aggregate M2, Stocks","Euro area (changing composition), Outstanding amounts at the end of the period (stocks), MFIs, central government and post office giro institutions reporting sector - Monetary aggregate M2, All currencies combined - Euro area (changing composition) counterpart, Non-MFIs excluding central government sector, denominated in Euro, data Working day and seasonally adjusted",EUR,6
BSI.M.U2.Y.V.M20.X.1.U2.2300.Z01.E,M,U2,Y,V,M20,X,1,U2,2300,Z01,E,2022-06,15144213,A,F,,,P1M,,E,,,,,,,,,2,,,"Monetary aggregate M2, Stocks","Euro area (changing composition), Outstanding amounts at the end of the period (stocks), MFIs, central government and post office giro institutions reporting sector - Monetary aggregate M2, All currencies combined - Euro area (changing composition) counterpart, Non-MFIs excluding central government sector, denominated in Euro, data Working day and seasonally adjusted",EUR,6
BSI.M.U2.Y.V.M20.X.1.U2.2300.Z01.E,M,U2,Y,V,M20,X,1,U2,2300,Z01,E,2022-07,15243279,A,F,,,P1M,,E,,,,,,,,,2,,,"Monetary aggregate M2, Stocks","Euro area (changing composition), Outstanding amounts at the end of the period (stocks), MFIs, central government and post office giro institutions reporting sector - Monetary aggregate M2, All currencies combined - Euro area (changing composition) counterpart, Non-MFIs excluding central government sector, denominated in Euro, data Working day and seasonally adjusted",EUR,6
BSI.M.U2.Y.V.M20.X.1.U2.2300.Z01.E,M,U2,Y,V,M20,X,1,U2,2300,Z01,E,2022-08,15382038,A,F,,,P1M,,E,,,,,,,,,2,,,"Monetary aggregate M2, Stocks","Euro area (changing composition), Outstanding amounts at the end of the period (stocks), MFIs, central government and post office giro institutions reporting sector - Monetary aggregate M2, All currencies combined - Euro area (changing composition) counterpart, Non-MFIs excluding central government sector, denominated in Euro, data Working day and seasonally adjusted",EUR,6
BSI.M.U2.Y.V.M20.X.1.U2.2300.Z01.E,M,U2,Y,V,M20,X,1,U2,2300,Z01,E,2022-09,15425262,A,F,,,P1M,,E,,,,,,,,,2,,,"Monetary aggregate M2, Stocks","Euro area (changing composition), Outstanding amounts at the end of the period (stocks), MFIs, central government and post office giro institutions reporting sector - Monetary aggregate M2, All currencies combined - Euro area (changing composition) counterpart, Non-MFIs excluding central government sector, denominated in Euro, data Working day and seasonally adjusted",EUR,6
BSI.M.U2.Y.V.M20.X.1.U2.2300.Z01.E,M,U2,Y,V,M20,X,1,U2,2300,Z01,E,2022-10,15372392,A,F,,,P1M,,E,,,,,,,,,2,,,"Monetary aggregate M2, Stocks","Euro area (changing composition), Outstanding amounts at the end of the period (stocks), MFIs, central government and post office giro institutions reporting sector - Monetary aggregate M2, All currencies combined - Euro area (changing composition) counterpart, Non-MFIs excluding central government sector, denominated in Euro, data Working day and seasonally adjusted",EUR,6
BSI.M.U2.Y.V.M20.X.1.U2.2300.Z01.E,M,U2,Y,V,M20,X,1,U2,2300,Z01,E,2022-11,15313425,A,F,,,P1M,,E,,,,,,,,,2,,,"Monetary aggregate M2, Stocks","Euro area (changing composition), Outstanding amounts at the end of the period (stocks), MFIs, central government and post office giro institutions reporting sector - Monetary aggregate M2, All currencies combined - Euro area (changing composition) counterpart, Non-MFIs excluding central government sector, denominated in Euro, data Working day and seasonally adjusted",EUR,6
BSI.M.U2.Y.V.M20.X.1.U2.2300.Z01.E,M,U2,Y,V,M20,X,1,U2,2300,Z01,E,2022-12,15229110,A,F,,,P1M,,E,,,,,,,,,2,,,"Monetary aggregate M2, Stocks","Euro area (changing composition), Outstanding amounts at the end of the period (stocks), MFIs, central government and post office giro institutions reporting sector - Monetary aggregate M2, All currencies combined - Euro area (changing composition) counterpart, Non-MFIs excluding central government sector, denominated in Euro, data Working day and seasonally adjusted",EUR,6
BSI.M.U2.Y.V.M20.X.1.U2.2300.Z01.E,M,U2,Y,V,M20,X,1,U2,2300,Z01,E,2023-01,15265375,A,F,,,P1M,,E,,,,,,,,,2,,,"Monetary aggregate M2, Stocks","Euro area (changing composition), Outstanding amounts at the end of the period (stocks), MFIs, central government and post office giro institutions reporting sector - Monetary aggregate M2, All currencies combined - Euro area (changing composition) counterpart, Non-MFIs excluding central government sector, denominated in Euro, data Working day and seasonally adjusted",EUR,6
BSI.M.U2.Y.V.M20.X.1.U2.2300.Z01.E,M,U2,Y,V,M20,X,1,U2,2300,Z01,E,2023-02,15221069,A,F,,,P1M,,E,,,,,,,,,2,,,"Monetary aggregate M2, Stocks","Euro area (changing composition), Outstanding amounts at the end of the period (stocks), MFIs, central government and post office giro institutions reporting sector - Monetary aggregate M2, All currencies combined - Euro area (changing composition) counterpart, Non-MFIs excluding central government sector, denominated in Euro, data Working day and seasonally adjusted",EUR,6
BSI.M.U2.Y.V.M20.X.1.U2.2300.Z01.E,M,U2,Y,V,M20,X,1,U2,2300,Z01,E,2023-03,15170877,A,F,,,P1M,,E,,,,,,,,,2,,,"Monetary aggregate M2, Stocks","Euro area (changing composition), Outstanding amounts at the end of the period (stocks), MFIs, central government and post office giro institutions reporting sector - Monetary aggregate M2, All currencies combined - Euro area (changing composition) counterpart, Non-MFIs excluding central government sector, denominated in Euro, data Working day and seasonally adjusted",EUR,6
BSI.M.U2.Y.V.M20.X.1.U2.2300.Z01.E,M,U2,Y,V,M20,X,1,U2,2300,Z01,E,2023-04,15122833,A,F,,,P1M,,E,,,,,,,,,2,,,"Monetary aggregate M2, Stocks","Euro area (changing composition), Outstanding amounts at the end of the period (stocks), MFIs, central government and post office giro institutions reporting sector - Monetary aggregate M2, All currencies combined - Euro area (changing composition) counterpart, Non-MFIs excluding central government sector, denominated in Euro, data Working day and seasonally adjusted",EUR,6
BSI.M.U2.Y.V.M20.X.1.U2.2300.Z01.E,M,U2,Y,V,M20,X,1,U2,2300,Z01,E,2023-05,15105756,A,F,,,P1M,,E,,,,,,,,,2,,,"Monetary aggregate M2, Stocks","Euro area (changing composition), Outstanding amounts at the end of the period (stocks), MFIs, central government and post office giro institutions reporting sector - Monetary aggregate M2, All currencies combined - Euro area (changing composition) counterpart, Non-MFIs excluding central government sector, denominated in Euro, data Working day and seasonally adjusted",EUR,6
BSI.M.U2.Y.V.M20.X.1.U2.2300.Z01.E,M,U2,Y,V,M20,X,1,U2,2300,Z01,E,2023-06,15087868,A,F,,,P1M,,E,,,,,,,,,2,,,"Monetary aggregate M2, Stocks","Euro area (changing composition), Outstanding amounts at the end of the period (stocks), MFIs, central government and post office giro institutions reporting sector - Monetary aggregate M2, All currencies combined - Euro area (changing composition) counterpart, Non-MFIs excluding central government sector, denominated in Euro, data Working day and seasonally adjusted",EUR,6
BSI.M.U2.Y.V.M20.X.1.U2.2300.Z01.E,M,U2,Y,V,M20,X,1,U2,2300,Z01,E,2023-07,15067816,A,F,,,P1M,,E,,,,,,,,,2,,,"Monetary aggregate M2, Stocks","Euro area (changing composition), Outstanding amounts at the end of the period (stocks), MFIs, central government and post office giro institutions reporting sector - Monetary aggregate M2, All currencies combined - Euro area (changing composition) counterpart, Non-MFIs excluding central government sector, denominated in Euro, data Working day and seasonally adjusted",EUR,6
BSI.M.U2.Y.V.M20.X.1.U2.2300.Z01.E,M,U2,Y,V,M20,X,1,U2,2300,Z01,E,2023-08,15045220,A,F,,,P1M,,E,,,,,,,,,2,,,"Monetary aggregate M2, Stocks","Euro area (changing composition), Outstanding amounts at the end of the period (stocks), MFIs, central government and post office giro institutions reporting sector - Monetary aggregate M2, All currencies combined - Euro area (changing composition) counterpart, Non-MFIs excluding central government sector, denominated in Euro, data Working day and seasonally adjusted",EUR,6
BSI.M.U2.Y.V.M20.X.1.U2.2300.Z01.E,M,U2,Y,V,M20,X,1,U2,2300,Z01,E,2023-09,15067828,A,F,,,P1M,,E,,,,,,,,,2,,,"Monetary aggregate M2, Stocks","Euro area (changing composition), Outstanding amounts at the end of the period (stocks), MFIs, central government and post office giro institutions reporting sector - Monetary aggregate M2, All currencies combined - Euro area (changing composition) counterpart, Non-MFIs excluding central government sector, denominated in Euro, data Working day and seasonally adjusted",EUR,6
BSI.M.U2.Y.V.M20.X.1.U2.2300.Z01.E,M,U2,Y,V,M20,X,1,U2,2300,Z01,E,2023-10,15037533,A,F,,,P1M,,E,,,,,,,,,2,,,"Monetary aggregate M2, Stocks","Euro area (changing composition), Outstanding amounts at the end of the period (stocks), MFIs, central government and post office giro institutions reporting sector - Monetary aggregate M2, All currencies combined - Euro area (changing composition) counterpart, Non-MFIs excluding central government sector, denominated in Euro, data Working day and seasonally adjusted",EUR,6
BSI.M.U2.Y.V.M20.X.1.U2.2300.Z01.E,M,U2,Y,V,M20,X,1,U2,2300,Z01,E,2023-11,15039438,A,F,,,P1M,,E,,,,,,,,,2,,,"Monetary aggregate M2, Stocks","Euro area (changing composition), Outstanding amounts at the end of the period (stocks), MFIs, central government and post office giro institutions reporting sector - Monetary aggregate M2, All currencies combined - Euro area (changing composition) counterpart, Non-MFIs excluding central government sector, denominated in Euro, data Working day and seasonally adjusted",EUR,6
BSI.M.U2.Y.V.M20.X.1.U2.2300.Z01.E,M,U2,Y,V,M20,X,1,U2,2300,Z01,E,2023-12,15103105,A,F,,,P1M,,E,,,,,,,,,2,,,"Monetary aggregate M2, Stocks","Euro area (changing composition), Outstanding amounts at the end of the period (stocks), MFIs, central government and post office giro institutions reporting sector - Monetary aggregate M2, All currencies combined - Euro area (changing composition) counterpart, Non-MFIs excluding central government sector, denominated in Euro, data Working day and seasonally adjusted",EUR,6
BSI.M.U2.Y.V.M20.X.1.U2.2300.Z01.E,M,U2,Y,V,M20,X,1,U2,2300,Z01,E,2024-01,15079850,A,F,,,P1M,,E,,,,,,,,,2,,,"Monetary aggregate M2, Stocks","Euro area (changing composition), Outstanding amounts at the end of the period (stocks), MFIs, central government and post office giro institutions reporting sector - Monetary aggregate M2, All currencies combined - Euro area (changing composition) counterpart, Non-MFIs excluding central government sector, denominated in Euro, data Working day and seasonally adjusted",EUR,6
BSI.M.U2.Y.V.M20.X.1.U2.2300.Z01.E,M,U2,Y,V,M20,X,1,U2,2300,Z01,E,2024-02,15105037,A,F,,,P1M,,E,,,,,,,,,2,,,"Monetary aggregate M2, Stocks","Euro area (changing composition), Outstanding amounts at the end of the period (stocks), MFIs, central government and post office giro institutions reporting sector - Monetary aggregate M2, All currencies combined - Euro area (changing composition) counterpart, Non-MFIs excluding central government sector, denominated in Euro, data Working day and seasonally adjusted",EUR,6
BSI.M.U2.Y.V.M20.X.1.U2.2300.Z01.E,M,U2,Y,V,M20,X,1,U2,2300,Z01,E,2024-03,15112182,A,F,,,P1M,,E,,,,,,,,,2,,,"Monetary aggregate M2, Stocks","Euro area (changing composition), Outstanding amounts at the end of the period (stocks), MFIs, central government and post office giro institutions reporting sector - Monetary aggregate M2, All currencies combined - Euro area (changing composition) counterpart, Non-MFIs excluding central government sector, denominated in Euro, data Working day and seasonally adjusted",EUR,6
BSI.M.U2.Y.V.M20.X.1.U2.2300.Z01.E,M,U2,Y,V,M20,X,1,U2,2300,Z01,E,2024-04,15143738,A,F,,,P1M,,E,,,,,,,,,2,,,"Monetary aggregate M2, Stocks","Euro area (changing composition), Outstanding amounts at the end of the period (stocks), MFIs, central government and post office giro institutions reporting sector - Monetary aggregate M2, All currencies combined - Euro area (changing composition) counterpart, Non-MFIs excluding central government sector, denominated in Euro, data Working day and seasonally adjusted",EUR,6
BSI.M.U2.Y.V.M20.X.1.U2.2300.Z01.E,M,U2,Y,V,M20,X,1,U2,2300,Z01,E,2024-05,15178913,A,F,,,P1M,,E,,,,,,,,,2,,,"Monetary aggregate M2, Stocks","Euro area (changing composition), Outstanding amounts at the end of the period (stocks), MFIs, central government and post office giro institutions reporting sector - Monetary aggregate M2, All currencies combined - Euro area (changing composition) counterpart, Non-MFIs excluding central government sector, denominated in Euro, data Working day and seasonally adjusted",EUR,6
BSI.M.U2.Y.V.M20.X.1.U2.2300.Z01.E,M,U2,Y,V,M20,X,1,U2,2300,Z01,E,2024-06,15286910,A,F,,,P1M,,E,,,,,,,,,2,,,"Monetary aggregate M2, Stocks","Euro area (changing composition), Outstanding amounts at the end of the period (stocks), MFIs, central government and post office giro institutions reporting sector - Monetary aggregate M2, All currencies combined - Euro area (changing composition) counterpart, Non-MFIs excluding central government sector, denominated in Euro, data Working day and seasonally adjusted",EUR,6
BSI.M.U2.Y.V.M20.X.1.U2.2300.Z01.E,M,U2,Y,V,M20,X,1,U2,2300,Z01,E,2024-07,15262244,A,F,,,P1M,,E,,,,,,,,,2,,,"Monetary aggregate M2, Stocks","Euro area (changing composition), Outstanding amounts at the end of the period (stocks), MFIs, central government and post office giro institutions reporting sector - Monetary aggregate M2, All currencies combined - Euro area (changing composition) counterpart, Non-MFIs excluding central government sector, denominated in Euro, data Working day and seasonally adjusted",EUR,6
BSI.M.U2.Y.V.M20.X.1.U2.2300.Z01.E,M,U2,Y,V,M20,X,1,U2,2300,Z01,E,2024-08,15333734,A,F,,,P1M,,E,,,,,,,,,2,,,"Monetary aggregate M2, Stocks","Euro area (changing composition), Outstanding amounts at the end of the period (stocks), MFIs, central government and post office giro institutions reporting sector - Monetary aggregate M2, All currencies combined - Euro area (changing composition) counterpart, Non-MFIs excluding central government sector, denominated in Euro, data Working day and seasonally adjusted",EUR,6
BSI.M.U2.Y.V.M20.X.1.U2.2300.Z01.E,M,U2,Y,V,M20,X,1,U2,2300,Z01,E,2024-09,15407061,A,F,,,P1M,,E,,,,,,,,,2,,,"Monetary aggregate M2, Stocks","Euro area (changing composition), Outstanding amounts at the end of the period (stocks), MFIs, central government and post office giro institutions reporting sector - Monetary aggregate M2, All currencies combined - Euro area (changing composition) counterpart, Non-MFIs excluding central government sector, denominated in Euro, data Working day and seasonally adjusted",EUR,6
BSI.M.U2.Y.V.M20.X.1.U2.2300.Z01.E,M,U2,Y,V,M20,X,1,U2,2300,Z01,E,2024-10,15429857,A,F,,,P1M,,E,,,,,,,,,2,,,"Monetary aggregate M2, Stocks","Euro area (changing composition), Outstanding amounts at the end of the period (stocks), MFIs, central government and post office giro institutions reporting sector - Monetary aggregate M2, All currencies combined - Euro area (changing composition) counterpart, Non-MFIs excluding central government sector, denominated in Euro, data Working day and seasonally adjusted",EUR,6
BSI.M.U2.Y.V.M20.X.1.U2.2300.Z01.E,M,U2,Y,V,M20,X,1,U2,2300,Z01,E,2024-11,15533065,A,F,,,P1M,,E,,,,,,,,,2,,,"Monetary aggregate M2, Stocks","Euro area (changing composition), Outstanding amounts at the end of the period (stocks), MFIs, central government and post office giro institutions reporting sector - Monetary aggregate M2, All currencies combined - Euro area (changing composition) counterpart, Non-MFIs excluding central government sector, denominated in Euro, data Working day and seasonally adjusted",EUR,6
BSI.M.U2.Y.V.M20.X.1.U2.2300.Z01.E,M,U2,Y,V,M20,X,1,U2,2300,Z01,E,2024-12,15591606,A,F,,,P1M,,E,,,,,,,,,2,,,"Monetary aggregate M2, Stocks","Euro area (changing composition), Outstanding amounts at the end of the period (stocks), MFIs, central government and post office giro institutions reporting sector - Monetary aggregate M2, All currencies combined - Euro area (changing composition) counterpart, Non-MFIs excluding central government sector, denominated in Euro, data Working day and seasonally adjusted",EUR,6
BSI.M.U2.Y.V.M20.X.1.U2.2300.Z01.E,M,U2,Y,V,M20,X,1,U2,2300,Z01,E,2025-01,15577354,A,F,,,P1M,,E,,,,,,,,,2,,,"Monetary aggregate M2, Stocks","Euro area (changing composition), Outstanding amounts at the end of the period (stocks), MFIs, central government and post office giro institutions reporting sector - Monetary aggregate M2, All currencies combined - Euro area (changing composition) counterpart, Non-MFIs excluding central government sector, denominated in Euro, data Working day and seasonally adjusted",EUR,6
BSI.M.U2.Y.V.M20.X.1.U2.2300.Z01.E,M,U2,Y,V,M20,X,1,U2,2300,Z01,E,2025-02,15621953,A,F,,,P1M,,E,,,,,,,,,2,,,"Monetary aggregate M2, Stocks","Euro area (changing composition), Outstanding amounts at the end of the period (stocks), MFIs, central government and post office giro institutions reporting sector - Monetary aggregate M2, All currencies combined - Euro area (changing composition) counterpart, Non-MFIs excluding central government sector, denominated in Euro, data Working day and seasonally adjusted",EUR,6
BSI.M.U2.Y.V.M20.X.1.U2.2300.Z01.E,M,U2,Y,V,M20,X,1,U2,2300,Z01,E,2025-03,15648761,A,F,,,P1M,,E,,,,,,,,,2,,,"Monetary aggregate M2, Stocks","Euro area (changing composition), Outstanding amounts at the end of the period (stocks), MFIs, central government and post office giro institutions reporting sector - Monetary aggregate M2, All currencies combined - Euro area (changing composition) counterpart, Non-MFIs excluding central government sector, denominated in Euro, data Working day and seasonally adjusted",EUR,6
BSI.M.U2.Y.V.M20.X.1.U2.2300.Z01.E,M,U2,Y,V,M20,X,1,U2,2300,Z01,E,2025-04,15689953,A,F,,,P1M,,E,,,,,,,,,2,,,"Monetary aggregate M2, Stocks","Euro area (changing composition), Outstanding amounts at the end of the period (stocks), MFIs, central government and post office giro institutions reporting sector - Monetary aggregate M2, All currencies combined - Euro area (changing composition) counterpart, Non-MFIs excluding central government sector, denominated in Euro, data Working day and seasonally adjusted",EUR,6
BSI.M.U2.Y.V.M20.X.1.U2.2300.Z01.E,M,U2,Y,V,M20,X,1,U2,2300,Z01,E,2025-05,15724159,A,F,,,P1M,,E,,,,,,,,,2,,,"Monetary aggregate M2, Stocks","Euro area (changing composition), Outstanding amounts at the end of the period (stocks), MFIs, central government and post office giro institutions reporting sector - Monetary aggregate M2, All currencies combined - Euro area (changing composition) counterpart, Non-MFIs excluding central government sector, denominated in Euro, data Working day and seasonally adjusted",EUR,6
BSI.M.U2.Y.V.M20.X.1.U2.2300.Z01.E,M,U2,Y,V,M20,X,1,U2,2300,Z01,E,2025-06,15725981,A,F,,,P1M,,E,,,,,,,,,2,,,"Monetary aggregate M2, Stocks","Euro area (changing composition), Outstanding amounts at the end of the period (stocks), MFIs, central government and post office giro institutions reporting sector - Monetary aggregate M2, All currencies combined - Euro area (changing composition) counterpart, Non-MFIs excluding central government sector, denominated in Euro, data Working day and seasonally adjusted",EUR,6
BSI.M.U2.Y.V.M20.X.1.U2.2300.Z01.E,M,U2,Y,V,M20,X,1,U2,2300,Z01,E,2025-07,15743385,A,F,,,P1M,,E,,,,,,,,,2,,,"Monetary aggregate M2, Stocks","Euro area (changing composition), Outstanding amounts at the end of the period (stocks), MFIs, central government and post office giro institutions reporting sector - Monetary aggregate M2, All currencies combined - Euro area (changing composition) counterpart, Non-MFIs excluding central government sector, denominated in Euro, data Working day and seasonally adjusted",EUR,6
BSI.M.U2.Y.V.M20.X.1.U2.2300.Z01.E,M,U2,Y,V,M20,X,1,U2,2300,Z01,E,2025-08,15762736,A,F,,,P1M,,E,,,,,,,,,2,,,"Monetary aggregate M2, Stocks","Euro area (changing composition), Outstanding amounts at the end of the period (stocks), MFIs, central government and post office giro institutions reporting sector - Monetary aggregate M2, All currencies combined - Euro area (changing composition) counterpart, Non-MFIs excluding central government sector, denominated in Euro, data Working day and seasonally adjusted",EUR,6
BSI.M.U2.Y.V.M20.X.1.U2.2300.Z01.E,M,U2,Y,V,M20,X,1,U2,2300,Z01,E,2025-09,15795550,A,F,,,P1M,,E,,,,,,,,,2,,,"Monetary aggregate M2, Stocks","Euro area (changing composition), Outstanding amounts at the end of the period (stocks), MFIs, central government and post office giro institutions reporting sector - Monetary aggregate M2, All currencies combined - Euro area (changing composition) counterpart, Non-MFIs excluding central government sector, denominated in Euro, data Working day and seasonally adjusted",EUR,6
BSI.M.U2.Y.V.M20.X.1.U2.2300.Z01.E,M,U2,Y,V,M20,X,1,U2,2300,Z01,E,2025-10,15910569,A,F,,,P1M,,E,,,,,,,,,2,,,"Monetary aggregate M2, Stocks","Euro area (changing composition), Outstanding amounts at the end of the period (stocks), MFIs, central government and post office giro institutions reporting sector - Monetary aggregate M2, All currencies combined - Euro area (changing composition) counterpart, Non-MFIs excluding central government sector, denominated in Euro, data Working day and seasonally adjusted",EUR,6
BSI.M.U2.Y.V.M20.X.1.U2.2300.Z01.E,M,U2,Y,V,M20,X,1,U2,2300,Z01,E,2025-11,15994222,A,F,,,P1M,,E,,,,,,,,,2,,,"Monetary aggregate M2, Stocks","Euro area (changing composition), Outstanding amounts at the end of the period (stocks), MFIs, central government and post office giro institutions reporting sector - Monetary aggregate M2, All currencies combined - Euro area (changing composition) counterpart, Non-MFIs excluding central government sector, denominated in Euro, data Working day and seasonally adjusted",EUR,6
BSI.M.U2.Y.V.M20.X.1.U2.2300.Z01.E,M,U2,Y,V,M20,X,1,U2,2300,Z01,E,2025-12,16075204,A,F,,,P1M,,E,,,,,,,,,2,,,"Monetary aggregate M2, Stocks","Euro area (changing composition), Outstanding amounts at the end of the period (stocks), MFIs, central government and post office giro institutions reporting sector - Monetary aggregate M2, All currencies combined - Euro area (changing composition) counterpart, Non-MFIs excluding central government sector, denominated in Euro, data Working day and seasonally adjusted",EUR,6
BSI.M.U2.Y.V.M20.X.1.U2.2300.Z01.E,M,U2,Y,V,M20,X,1,U2,2300,Z01,E,2026-01,16176904,A,F,,,P1M,,E,,,,,,,,,2,,,"Monetary aggregate M2, Stocks","Euro area (changing composition), Outstanding amounts at the end of the period (stocks), MFIs, central government and post office giro institutions reporting sector - Monetary aggregate M2, All currencies combined - Euro area (changing composition) counterpart, Non-MFIs excluding central government sector, denominated in Euro, data Working day and seasonally adjusted",EUR,6
BSI.M.U2.Y.V.M20.X.1.U2.2300.Z01.E,M,U2,Y,V,M20,X,1,U2,2300,Z01,E,2026-02,16223482,A,F,,,P1M,,E,,,,,,,,,2,,,"Monetary aggregate M2, Stocks","Euro area (changing composition), Outstanding amounts at the end of the period (stocks), MFIs, central government and post office giro institutions reporting sector - Monetary aggregate M2, All currencies combined - Euro area (changing composition) counterpart, Non-MFIs excluding central government sector, denominated in Euro, data Working day and seasonally adjusted",EUR,6
BSI.M.U2.Y.V.M20.X.1.U2.2300.Z01.E,M,U2,Y,V,M20,X,1,U2,2300,Z01,E,2026-03,16274784,A,F,,,P1M,,E,,,,,,,,,2,,,"Monetary aggregate M2, Stocks","Euro area (changing composition), Outstanding amounts at the end of the period (stocks), MFIs, central government and post office giro institutions reporting sector - Monetary aggregate M2, All currencies combined - Euro area (changing composition) counterpart, Non-MFIs excluding central government sector, denominated in Euro, data Working day and seasonally adjusted",EUR,6
BSI.M.U2.Y.V.M20.X.1.U2.2300.Z01.E,M,U2,Y,V,M20,X,1,U2,2300,Z01,E,2026-04,16304035,A,F,,,P1M,,E,,,,,,,,,2,,,"Monetary aggregate M2, Stocks","Euro area (changing composition), Outstanding amounts at the end of the period (stocks), MFIs, central government and post office giro institutions reporting sector - Monetary aggregate M2, All currencies combined - Euro area (changing composition) counterpart, Non-MFIs excluding central government sector, denominated in Euro, data Working day and seasonally adjusted",EUR,6
BSI.M.U2.Y.V.M20.X.1.U2.2300.Z01.E,M,U2,Y,V,M20,X,1,U2,2300,Z01,E,2026-05,16349695,A,F,,,P1M,,E,,,,,,,,,2,,,"Monetary aggregate M2, Stocks","Euro area (changing composition), Outstanding amounts at the end of the period (stocks), MFIs, central government and post office giro institutions reporting sector - Monetary aggregate M2, All currencies combined - Euro area (changing composition) counterpart, Non-MFIs excluding central government sector, denominated in Euro, data Working day and seasonally adjusted",EUR,6
BSI.M.U2.Y.V.M20.X.1.U2.2300.Z01.E,M,U2,Y,V,M20,X,1,U2,2300,Z01,E,2026-06,16411005,P,F,,,P1M,,E,,,,,,,,,2,,,"Monetary aggregate M2, Stocks","Euro area (changing composition), Outstanding amounts at the end of the period (stocks), MFIs, central government and post office giro institutions reporting sector - Monetary aggregate M2, All currencies combined - Euro area (changing composition) counterpart, Non-MFIs excluding central government sector, denominated in Euro, data Working day and seasonally adjusted",EUR,6
