DATE,LPMAUYN
31 Jan 2014,2129476
28 Feb 2014,2147880
31 Mar 2014,2115496
30 Apr 2014,2106007
31 May 2014,2099892
30 Jun 2014,2111620
31 Jul 2014,2105663
31 Aug 2014,2110469
30 Sep 2014,2110727
31 Oct 2014,2094709
30 Nov 2014,2095156
31 Dec 2014,2103864
31 Jan 2015,2090750
28 Feb 2015,2086676
31 Mar 2015,2110268
30 Apr 2015,2110953
31 May 2015,2120715
30 Jun 2015,2110774
31 Jul 2015,2122258
31 Aug 2015,2106913
30 Sep 2015,2098798
31 Oct 2015,2103240
30 Nov 2015,2113113
31 Dec 2015,2115712
31 Jan 2016,2117459
29 Feb 2016,2135672
31 Mar 2016,2134559
30 Apr 2016,2130506
31 May 2016,2154821
30 Jun 2016,2188514
31 Jul 2016,2208335
31 Aug 2016,2224013
30 Sep 2016,2228380
31 Oct 2016,2245629
30 Nov 2016,2252288
31 Dec 2016,2247270
31 Jan 2017,2263878
28 Feb 2017,2261588
31 Mar 2017,2292133
30 Apr 2017,2316373
31 May 2017,2311827
30 Jun 2017,2312933
31 Jul 2017,2309250
31 Aug 2017,2329305
30 Sep 2017,2355753
31 Oct 2017,2359626
30 Nov 2017,2361873
31 Dec 2017,2356268
31 Jan 2018,2385547
28 Feb 2018,2377308
31 Mar 2018,2359025
30 Apr 2018,2361565
31 May 2018,2377139
30 Jun 2018,2373941
31 Jul 2018,2377896
31 Aug 2018,2378695
30 Sep 2018,2383824
31 Oct 2018,2392642
30 Nov 2018,2391181
31 Dec 2018,2412126
31 Jan 2019,2407299
28 Feb 2019,2414146
31 Mar 2019,2416446
30 Apr 2019,2432765
31 May 2019,2429977
30 Jun 2019,2429312
31 Jul 2019,2440451
31 Aug 2019,2460666
30 Sep 2019,2476556
31 Oct 2019,2479244
30 Nov 2019,2500531
31 Dec 2019,2502527
31 Jan 2020,2524169
29 Feb 2020,2534842
31 Mar 2020,2616962
30 Apr 2020,2667537
31 May 2020,2721336
30 Jun 2020,2747663
31 Jul 2020,2772526
31 Aug 2020,2763624
30 Sep 2020,2783125
31 Oct 2020,2773497
30 Nov 2020,2793660
31 Dec 2020,2809783
31 Jan 2021,2832750
28 Feb 2021,2852881
31 Mar 2021,2869408
30 Apr 2021,2882616
31 May 2021,2892624
30 Jun 2021,2912367
31 Jul 2021,2911885
31 Aug 2021,2930744
30 Sep 2021,2948813
31 Oct 2021,2967789
30 Nov 2021,2986754
31 Dec 2021,2986263
31 Jan 2022,2990846
28 Feb 2022,3022041
31 Mar 2022,3021392
30 Apr 2022,3022318
31 May 2022,3037870
30 Jun 2022,3027805
31 Jul 2022,3040691
31 Aug 2022,3047563
30 Sep 2022,3109134
31 Oct 2022,3111282
30 Nov 2022,3062865
31 Dec 2022,3033775
31 Jan 2023,3072677
28 Feb 2023,3052529
31 Mar 2023,3028385
30 Apr 2023,3028276
31 May 2023,3034191
30 Jun 2023,3029179
31 Jul 2023,3008950
31 Aug 2023,3023013
30 Sep 2023,2982236
31 Oct 2023,2990217
30 Nov 2023,2989906
31 Dec 2023,3002798
31 Jan 2024,3001402
29 Feb 2024,3012353
31 Mar 2024,3033896
30 Apr 2024,3042252
31 May 2024,3039282
30 Jun 2024,3054706
31 Jul 2024,3068655
31 Aug 2024,3069298
30 Sep 2024,3086106
31 Oct 2024,3081866
30 Nov 2024,3084118
31 Dec 2024,3085495
31 Jan 2025,3131538
28 Feb 2025,3133102
31 Mar 2025,3136548
30 Apr 2025,3138289
31 May 2025,3145872
30 Jun 2025,3152608
31 Jul 2025,3158786
31 Aug 2025,3174760
30 Sep 2025,3193440
31 Oct 2025,3186569
30 Nov 2025,3212148
31 Dec 2025,3227234
31 Jan 2026,3224003
28 Feb 2026,3244235
31 Mar 2026,3271619
30 Apr 2026,3274185
31 May 2026,3280107
30 Jun 2026,3307531
31 Jul 2026,3298488
31 Aug 2026,3306462
