month,available_date,gbm_usd_yoy_pct,gbm_fxn_yoy_pct,fx_effect_pp,usd_z,usd_score,fxn_z,fxn_score
2015-01,2015-02-28,-0.9236692359646554,6.2477604603885295,-7.171429696353185,,,,
2015-02,2015-03-31,-1.2785355486008143,6.847874884028407,-8.126410432629221,,,,
2015-03,2015-04-30,-2.3296874048802385,6.726146267540847,-9.055833672421086,,,,
2015-04,2015-05-31,-2.0904022750305002,6.389616875958473,-8.480019150988973,,,,
2015-05,2015-06-30,-1.1116740686906776,6.619832561226902,-7.73150662991758,,,,
2015-06,2015-07-31,-0.9037824255562938,6.883061111521411,-7.786843537077705,,,,
2015-07,2015-08-31,-1.0372429741726046,7.510870422839271,-8.548113397011875,,,,
2015-08,2015-09-30,-1.1764615541341255,7.496852953303441,-8.673314507437567,,,,
2015-09,2015-10-31,0.26661742962544877,7.411171204417008,-7.144553774791559,,,,
2015-10,2015-11-30,1.1877024885451568,7.634489119949396,-6.446786631404239,,,,
2015-11,2015-12-31,1.526750741300827,7.827616434098672,-6.300865692797845,,,,
2015-12,2016-01-31,2.303150350930724,7.6518889762628035,-5.348738625332079,,,,
2016-01,2016-02-29,3.6178816739456012,8.114007426437954,-4.496125752492353,,,,
2016-02,2016-03-31,5.268365413108875,7.892943379199795,-2.6245779660909196,,,,
2016-03,2016-04-30,7.376256690126188,8.008403269750154,-0.6321465796239663,,,,
2016-04,2016-05-31,7.979972236710068,7.854703360505445,0.1252688762046228,,,,
2016-05,2016-06-30,6.632673512025261,7.574185204604018,-0.9415116925787572,,,,
2016-06,2016-07-31,6.876182132777934,7.705126299250963,-0.8289441664730282,,,,
2016-07,2016-08-31,5.875093009224751,7.1767885883050155,-1.3016955790802642,,,,
2016-08,2016-09-30,7.927095203053092,7.687936168376719,0.23915903467637278,,,,
2016-09,2016-10-31,7.713189530223655,7.80489901425682,-0.09170948403316537,,,,
2016-10,2016-11-30,6.196590429542643,7.860304017409995,-1.6637135878673526,,,,
2016-11,2016-12-31,5.854932805501975,7.843687398412228,-1.9887545929102526,,,,
2016-12,2017-01-31,4.062669068793558,7.726258539385558,-3.663589470592,,,,
2017-01,2017-02-28,5.453287358346899,7.847580848336519,-2.3942934899896198,,,,
2017-02,2017-03-31,4.758954990527095,7.667303808645399,-2.908348818118304,,,,
2017-03,2017-04-30,3.8432685180686383,7.687316287652273,-3.8440477695836344,,,,
2017-04,2017-05-31,3.178238376957254,7.583782675953358,-4.405544298996104,,,,
2017-05,2017-06-30,3.487550003389255,7.15391495297796,-3.666364949588705,,,,
2017-06,2017-07-31,4.467431962646298,7.030681609741767,-2.5632496470954687,,,,
2017-07,2017-08-31,6.062190902242053,6.775955796924277,-0.7137648946822246,,,,
2017-08,2017-09-30,6.511254997057376,6.6682995049022695,-0.1570445078448932,,,,
2017-09,2017-10-31,7.701041608573121,6.766529146043905,0.9345124625292156,,,,
2017-10,2017-11-30,7.874642162050898,6.633480337406062,1.241161824644836,,,,
2017-11,2017-12-31,9.533977432951959,6.602880713220676,2.9310967197312827,,,,
2017-12,2018-01-31,11.639685542374888,6.309827654830109,5.3298578875447795,2.090238814868374,84.83731358113957,-1.8452750400148497,19.245415999752503
2018-01,2018-02-28,13.23741570168308,6.0534909004148485,7.1839248012682315,2.302580742246334,88.37634570410557,-2.136071495277055,14.398808412049078
2018-02,2018-03-31,13.895400114846982,5.913431126968078,7.981968987878904,2.263462471367267,87.7243745227878,-2.191211362749875,13.479810620835416
2018-03,2018-04-30,13.784474636289817,5.4701483100839905,8.314326326205826,2.0785481477449608,84.64246912908268,-2.612757043768491,6.454049270525147
2018-04,2018-05-31,12.981552233443805,5.380070889725616,7.60148134371819,1.7914132026112628,79.85688671018772,-2.4894981041715183,8.508364930474691
2018-05,2018-06-30,10.757178018632139,5.465138104855705,5.292039913776434,1.2536583771665657,70.89430628610943,-2.1952961601476413,13.411730664205976
2018-06,2018-07-31,8.618363315488146,5.401590159419642,3.2167731560685047,0.7650680099285733,62.75113349880955,-2.1251154505184324,14.581409158026126
2018-07,2018-08-31,6.091112440585915,5.52307066060926,0.5680417799766548,0.20011202717880558,53.3352004529801,-1.8649003023547275,18.918328294087875
2018-08,2018-09-30,3.3492788928352213,5.288026317618601,-1.9387474247833798,-0.41148735616725496,43.14187739721242,-2.0262534431856873,16.22910928023854
2018-09,2018-10-31,2.536166738787901,5.275493500376198,-2.739326761588297,-0.5872897372588851,40.211837712351915,-1.9309279819333465,17.817866967777555
2018-10,2018-11-30,2.598911955846366,5.109850500655815,-2.5109385448094494,-0.5646536420683496,40.58910596552751,-2.0024723134741227,16.62546144209795
2018-11,2018-12-31,2.143095514496757,5.023128415611919,-2.880032901115162,-0.6594725873713477,39.008790210477535,-1.9852741942260637,16.912096762898933
2018-12,2019-01-31,2.313149888350943,5.257670455760081,-2.944520567409138,-0.6110831366913241,39.815281055144595,-1.6643600599522514,22.260665667462472
2019-01,2019-02-28,1.3542705020693802,5.361357196909623,-4.007086694840242,-0.8206323350258761,36.322794416235396,-1.5027871684954845,24.953547191741922
2019-02,2019-03-31,0.1587830593615493,5.345394770469872,-5.1866117111083225,-1.0766975966906462,32.0550400551559,-1.470501321572834,25.491644640452765
2019-03,2019-04-30,0.35556148511678154,5.728193466233135,-5.372631981116354,-1.010059772785579,33.16567045357368,-1.056021717717573,32.39963803804045
2019-04,2019-05-31,0.32199866050133014,5.800825133717748,-5.478826473216418,-0.9981748191999902,33.36375301333349,-0.9633964917390798,33.943391804348664
2019-05,2019-06-30,1.274521400609207,5.852710953381248,-4.578189552772041,-0.7638732841992396,37.26877859667934,-0.8947289839025101,35.0878502682915
2019-06,2019-07-31,2.369721676415446,5.854622439243609,-3.4849007628281625,-0.500996428328399,41.650059527860016,-0.8780093951153558,35.36651008141074
2019-07,2019-08-31,4.051927592090418,5.833701591978655,-1.7817739998882374,-0.10257709635750568,48.29038172737491,-0.8847904548039371,35.25349241993438
2019-08,2019-09-30,4.240235585145076,6.111186839408859,-1.8709512542637832,-0.057159846234203775,49.047335896096605,-0.5920849838411028,40.13191693598162
2019-09,2019-10-31,3.7393999172537815,6.250707252352726,-2.511307335098944,-0.17603715704377879,47.066047382603685,-0.4430082023606113,42.61652996065648
2019-10,2019-11-30,4.928959563265387,6.420488648942614,-1.491529085677227,0.11162445646096167,51.860407607682696,-0.2636299005683149,45.60616832386142
2019-11,2019-12-31,5.889995229646382,6.540494698408508,-0.6504994687621259,0.34353065650067843,55.725510941677975,-0.13637477264662373,47.72708712255627
2019-12,2020-01-31,5.797613282920805,6.55548644916516,-0.7578731662443552,0.31779334291760974,55.29655571529349,-0.11947100383887964,48.008816602685336
2020-01,2020-02-29,5.0792674134205,6.486216028166638,-1.4069486147461374,0.13814309087781737,52.30238484796362,-0.1918093393103133,46.80317767816145
2020-02,2020-03-31,4.212547628551315,6.701760057837156,-2.489212429285841,-0.07831318858268965,48.694780190288505,0.039931564942007336,50.66552608236679
2020-03,2020-04-30,5.973834653935512,8.56347796146461,-2.589643307529098,0.3631337058752731,56.052228431254555,1.978684236653689,82.97807061089482
2020-04,2020-05-31,7.7671516102788845,10.726265524904578,-2.9591139146256937,0.8084754416596988,63.47459069432831,3.7368825135035886,112.2813752250598
2020-05,2020-06-30,10.105215325900067,12.211779323359627,-2.10656399745956,1.3730397311067095,72.88399551844516,4.298150843382412,121.63584738970687
2020-06,2020-07-31,11.62031385625123,12.857708271906018,-1.237394415654789,1.703815943521847,78.39693239203078,4.110744985482323,118.51241642470538
2020-07,2020-08-31,13.055793417467997,13.053342496618093,0.002450920849904392,1.984265367097433,83.07108945162389,3.7411814257886813,112.35302376314469
2020-08,2020-09-30,15.604999219481593,12.900045326620717,2.7049538928608765,2.4658323503791153,91.09720583965193,3.3100303237310857,105.16717206218476
2020-09,2020-10-31,17.389470207547845,13.394557593822949,3.994912613724896,2.7041263146397476,95.06877191066246,3.2735668557203947,104.55944759533992
2020-10,2020-11-30,17.58073284239172,13.273336827065954,4.307396015325764,2.5909719617652054,93.1828660294201,2.975090230220254,99.58483717033758
2020-11,2020-12-31,18.695620482035622,13.623978796564213,5.071641685471409,2.6625389031578472,94.37564838596413,2.929223746319616,98.8203957719936
2020-12,2021-01-31,19.838225258737573,13.619962877416786,6.218262381320788,2.720825299134741,95.34708831891236,2.7480051724413475,95.8000862073558
2021-01,2021-02-28,20.001090865771943,13.652265895902596,6.348824969869346,2.6018151034957246,93.36358505826209,2.6103934524692503,93.50655754115417
2021-02,2021-03-31,21.563924568044516,14.271458760809473,7.292465807235043,2.7228590379576207,95.38098396596035,2.7084629556453237,95.1410492607554
2021-03,2021-04-30,18.930987076605348,12.817858787126704,6.113128289478643,2.1684564594145552,86.1409409902426,2.0406486216490656,84.01081036081777
2021-04,2021-05-31,17.394741504485914,10.778276018753177,6.616465485732737,1.846972382157388,80.78287303595647,1.2059724966840961,70.0995416114016
2021-05,2021-06-30,17.288255793498305,9.6402233321818,7.648032461316506,1.778740628967473,79.64567714945788,0.745169926434659,62.41949877391099
2021-06,2021-07-31,15.332550308069045,9.044127607724075,6.28842270034497,1.422860352676608,73.71433921127681,0.5030386741551152,58.38397790258525
2021-07,2021-08-31,12.847947133397893,8.710335006304929,4.137612127092964,0.9968629196870813,66.6143819947847,0.36644243112142316,56.10737385202372
2021-08,2021-09-30,11.37746982358411,8.775594670399736,2.601875153184375,0.7449933801257044,62.41655633542841,0.38993466909481195,56.4989111515802
2021-09,2021-10-31,10.657028051602753,8.591916791718226,2.0651112598845263,0.6195009417732318,60.32501569622053,0.31328415220988926,55.22140253683149
2021-10,2021-11-30,9.996741878192061,8.756496542163886,1.2402453360281758,0.5050695883842645,58.417826473071074,0.37775722333643325,56.295953722273886
2021-11,2021-12-31,8.223017551629708,8.44205097453001,-0.2190334229003028,0.205518232538994,53.4253038756499,0.24722189959575247,54.12036499326254
2021-12,2022-01-31,6.932384196180972,8.578854710893538,-1.6464705147125658,-0.012686387326061347,49.78856021123231,0.30166052654319603,55.0276754423866
2022-01,2022-02-28,6.640659387565745,8.740256304009835,-2.0995969164440895,-0.06195208865910629,48.967465189014895,0.3661174564760927,56.10195760793488
2022-02,2022-03-31,6.415281647786755,8.241335497922355,-1.8260538501356,-0.09993309420810854,48.33444842986486,0.15723684107486147,52.620614017914356
2022-03,2022-04-30,6.465182037832498,8.179515711457956,-1.7143336736254584,-0.09081230533081791,48.4864615778197,0.13055498235902416,52.175916372650406
2022-04,2022-05-31,4.5367127414573245,7.999711821438568,-3.462999079981244,-0.42183949287447886,42.96934178542535,0.05444715501638021,50.907452583606336
2022-05,2022-06-30,0.7109163536163866,7.743043496968788,-7.032127143352401,-1.0740840791205581,32.098598681324034,-0.0540602908525763,49.098995152457064
2022-06,2022-07-31,0.5976351541596778,7.745943495282015,-7.148308341122338,-1.0805189621528035,31.991350630786606,-0.05252879000108362,49.12452016664861
2022-07,2022-08-31,0.17481361292121936,7.760040071834617,-7.585226458913398,-1.1392601588670646,31.01233068554892,-0.04622853659306947,49.22952439011551
2022-08,2022-09-30,-0.19915163420626517,7.619374731033903,-7.818526365240168,-1.1881822735779901,30.196962107033496,-0.10627999441289848,48.22866675978503
2022-09,2022-10-31,-3.1817023221081673,7.26549072618652,-10.447193048294686,-1.6688196581687365,22.186339030521058,-0.25817147009109953,45.69714216514834
2022-10,2022-11-30,-4.868217792957169,6.698842646025444,-11.567060438982612,-1.9085669192602643,18.190551345662257,-0.5016434403870309,41.63927599354948
2022-11,2022-12-31,-3.685534319087173,6.4490324018616585,-10.134566720948833,-1.6744881599973789,22.09186400004368,-0.6064882686496877,39.891862189171874
2022-12,2023-01-31,-1.7057139912097141,5.692951911856675,-7.398665903066389,-1.324361250716832,27.9273124880528,-0.9291258737014971,34.51456877164171
2023-01,2023-02-28,0.05341730426692869,5.780696928359014,-5.727279624092086,-1.020792746929191,32.98678755118014,-0.882392356497104,35.29346072504826
2023-02,2023-03-31,-0.9610328837627086,5.498414318936443,-6.459447202699152,-1.1749750391573492,30.417082680710845,-0.996202230511762,33.396629491470634
2023-03,2023-04-30,-1.0818325475371522,4.987595507582328,-6.06942805511948,-1.1804902912569504,30.32516181238416,-1.205538566897968,29.907690551700533
2023-04,2023-05-31,0.7013432189532953,4.5660030576916935,-3.8646598387383984,-0.8772746366384946,35.37875605602509,-1.3702764109135213,27.162059818107977
2023-05,2023-06-30,1.9878773370628744,4.201353288678299,-2.2134759516154245,-0.6592133838467591,39.01311026922068,-1.50455379226007,24.924103462332166
2023-06,2023-07-31,0.9081693390677185,4.069864004203993,-3.1616946651362743,-0.8317637873032738,36.137270211612105,-1.535664312173994,24.4055947971001
2023-07,2023-08-31,2.1541349330123336,3.6581239807503376,-1.503989047738004,-0.6200641310424329,39.66559781595945,-1.680915809571048,21.9847365071492
2023-08,2023-09-30,1.216375990828379,3.4330387297982936,-2.2166627389699145,-0.7707209285655319,37.15465119057447,-1.7421757638318442,20.96373726946926
2023-09,2023-10-31,2.748640804625965,3.257223622947936,-0.5085828183219712,-0.5111947265328985,41.48008789111836,-1.7800415896383688,20.33264017269385
2023-10,2023-11-30,3.873115671208126,3.2741697896513844,0.5989458815567414,-0.32066529997877985,44.655578333687004,-1.7389786017048159,21.017023304919732
2023-11,2023-12-31,3.8471380651313907,3.3548768245114866,0.49226124061990406,-0.3233645616901589,44.61059063849735,-1.6749665208414557,22.08389131930907
2023-12,2024-01-31,2.6420055302778667,3.662420692004976,-1.0204151617271093,-0.5243536485497368,41.26077252417105,-1.5247410827577592,24.587648620704012
2024-01,2024-02-29,0.0534136961131766,3.3504379443680192,-3.2970242482548424,-0.9557567159983338,34.07072140002777,-1.624152846664508,22.930785888924863
2024-02,2024-03-31,0.4524698485422415,3.643843731601463,-3.1913738830592213,-0.8807210407838848,35.321315986935254,-1.483377577092575,25.277040381790414
2024-03,2024-04-30,1.3352214863678051,3.9938530481433063,-2.6586315617755014,-0.7254631873355113,37.90894687774148,-1.3257750173061855,27.903749711563574
2024-04,2024-05-31,-0.2148712386296091,3.776596518056799,-3.991467756686408,-0.9810941940774286,33.648430098709525,-1.3941853432741398,26.76357761209767
2024-05,2024-06-30,0.8864005228546026,3.7039058821675797,-2.8175053593129773,-0.7875594276260655,36.87400953956558,-1.4043598416090577,26.594002639849037
2024-06,2024-07-31,1.7963335004956649,3.5576829500130995,-1.7613494495174347,-0.6282285247124109,39.529524588126485,-1.442572034673379,25.95713275544368
2024-07,2024-08-31,1.7359324861832077,3.6666794113153083,-1.9307469251321006,-0.6346681296595372,39.42219783900771,-1.3816537629866783,26.97243728355536
2024-08,2024-09-30,4.676906332721946,3.8405254217161966,0.8363809110057492,-0.1290185495301659,47.8496908411639,-1.2978983370471928,28.36836104921345
2024-09,2024-10-31,7.213166805636074,4.344761824707135,2.868404980928939,0.30696921722159975,55.116153620359995,-1.089574477007927,31.840425383201215
2024-10,2024-11-30,7.120431137716135,4.750168878739304,2.3702622589768314,0.28957353727654717,54.82622562127579,-0.923189657448515,34.613505709191415
2024-11,2024-12-31,4.42119388866945,4.814767578083118,-0.3935736894136683,-0.17882542287764064,47.01957628537266,-0.8910373808917599,35.14937698513734
2024-12,2025-01-31,2.3902487250865883,4.840613087760142,-2.4503643626735534,-0.5304325987564634,41.15945668739228,-0.8743823383453838,35.42696102757694
2025-01,2025-02-28,2.1708675734495175,4.839709487419151,-2.6688419139696338,-0.5755423616693587,40.40762730551069,-0.8677416408613994,35.53763931897667
2025-02,2025-03-31,3.3343235213842197,4.808603640281001,-1.4742801188967816,-0.37985600063884567,43.66906665601924,-0.8705148138784453,35.49141976869258
2025-03,2025-04-30,4.313464787019332,4.812085497091996,-0.4986207100726636,-0.21837546671993702,46.36040888800105,-0.8602828721441158,35.661952130931404
2025-04,2025-05-31,6.484599306105971,5.352803552014191,1.1317957540917805,0.15668241548068926,52.61137359134482,-0.6451957420705818,39.246737632156965
2025-05,2025-06-30,7.033846689573179,5.367360768080645,1.6664859214925336,0.24449364974963758,54.07489416249396,-0.6344544045546398,39.425759924089334
2025-06,2025-07-31,8.303789049465772,5.5119026638087245,2.7918863856570475,0.4621980814622612,57.703301357704355,-0.5730643600719375,40.448927332134375
2025-07,2025-08-31,8.495125750284215,5.8028214677238426,2.6923042825603725,0.4851263130323614,58.08543855053936,-0.4543415008863248,42.42764165189459
2025-08,2025-09-30,6.685825932674227,5.819015588121002,0.8668103445532251,0.14414241283998747,52.40237354733313,-0.442352741905204,42.62745430157993
2025-09,2025-10-31,5.991323805866446,5.601313030625392,0.39001077524105376,0.007871496402101623,50.13119160670169,-0.5203424556143154,41.32762573976141
2025-10,2025-11-30,6.538527896019907,5.614795336872367,0.92373255914754,0.10091785474606543,51.68196424576776,-0.5082076174988108,41.529873041686486
2025-11,2025-12-31,7.715432025806904,5.470481530943541,2.244950494863363,0.3099545371458275,55.165908952430456,-0.5559905221006851,40.733491298321916
2025-12,2026-01-31,9.774681537603147,5.78616511123165,3.988516426371497,0.6805161392416464,61.34193565402744,-0.427788585157029,42.87019024738285
2026-01,2026-02-28,11.220973982707577,5.95640448301302,5.264569499694557,0.9345097504452408,65.57516250742069,-0.355216245535439,44.079729241076016
2026-02,2026-03-31,11.517544487519134,6.08642253694718,5.431121950571954,0.9759344656640561,66.26557442773426,-0.29922869267079255,45.012855122153454
2026-03,2026-04-30,9.605357711988086,5.915898632613663,3.689459079374423,0.6191907066181856,60.31984511030309,-0.35851492577744015,44.024751237042665
2026-04,2026-05-31,9.446770009777977,5.905963912529396,3.5408060972485806,0.5871538042373736,59.78589673728956,-0.3561161270649619,44.06473121558397
2026-05,2026-06-30,9.300044408437408,6.111607714906518,3.18843669353089,0.5553798939425071,59.25633156570845,-0.27188000280078284,45.468666619986955
2026-06,2026-07-31,7.920621892714853,5.910142738713392,2.0104791540014606,0.30038389917752817,55.00639831962547,-0.3440154014810533,44.26640997531578
2026-07,2026-08-31,7.4906956287670035,5.801938818707243,1.6887568100597603,0.21895339214466109,53.649223202411015,-0.3812351796521015,43.64608033913164
